"ID","year","population","population_error","doctors","obesity","physician_access","health_score"
"1","2009",104183,25191,338,-0.727446342105263,0.279831355638083,-0.141615371302686
"1","2010",133647,31533,331,-0.899848052631579,0.359664609472091,0.0883296861990932
"1","2011",136968,31384,362,-0.811153105263158,0.472170327600081,0.18663688222919
"1","2012",140337,31288,310,-0.611063868421053,0.0696954163895153,-0.250672940749844
"1","2013",143684,32092,305,-0.716091657894737,0.0657231872832345,-0.216166864881923
"1","2014",146422,31869,325,-0.727368078947368,0.198635696483571,-0.127602492001863
"1","2015",149315,31562,333,-0.793604657894737,0.195702331807911,-0.127860974543641
"1","2016",151473,32091,338,-0.862317868421053,0.0639417246878445,-0.296776673719348
"1","2017",154710,32368,306,24.5289473684211,-0.0446192598162276,0.205734354022523
"1","2018",156505,32811,334,24.5289473684211,0.00199210526315789,0.297576012941771
"1","2019",157613,32341,329,26.9421052631579,0.00228947368421053,0.382418381806729
"2","2009",113548,23584,499,-0.370597925,-0.0312748963472661,0.442085183119011
"2","2010",176659,34162,552,-0.388233225,-0.212144046634353,0.0618490828647378
"2","2011",177178,35869,544,-0.641793475,-0.292788558476359,-0.199426042748398
"2","2012",177684,35428,506,-1.112240525,-0.0690767062025791,-0.264244834941787
"2","2013",178169,35454,500,-1.007588125,-0.0884331901858145,-0.100622327375203
"2","2014",178611,35153,596,-0.9503574,-0.10121692651452,-0.141782025898826
"2","2015",178967,34706,484,-1.131899725,-0.0694959354803105,-0.222383069553338
"2","2016",178901,34073,446,-1.179247175,-0.0293788708357653,-0.113619673826154
"2","2017",178384,34022,492,0,0.00178988224284025,0.183249143345446
"2","2018",178305,34584,567,0,0.0028225,0.175688018917372
"2","2019",178348,35850,520,0,0.0033425,0.179206546097139
"3","2009",115690,29079,342,-0.497711389830508,0.200856288533122,0.176505460415065
"3","2010",197467,47965,344,-0.258316949152542,0.214377986654554,0.468822539592185
"3","2011",202999,49855,298,-0.546123254237288,0.295738220513216,0.518354547927113
"3","2012",209077,50425,300,-1.20123481355932,0.0436551100053606,-0.11390796115116
"3","2013",214861,51223,343,-1.20818971186441,0.03995776090882,-0.135912873686272
"3","2014",220173,51176,352,-1.27821805084746,0.104561804919801,-0.0856828809617431
"3","2015",223945,51818,458,-1.235271,0.117879207187346,-0.125577703284721
"3","2016",226092,50762,445,-1.11809503389831,0.135499445269154,-0.0375709613874876
"3","2017",229534,50449,360,0,-0.0477555978393121,-0.28127933687252
"3","2018",231803,49831,419,0,0.00197796610169492,-0.158648505134718
"3","2019",233464,49456,334,0,0.00231016949152542,-0.225102325455741
"4","2009",180186,40562,1259,-0.41339785483871,0.0861826187637195,0.490328037244491
"4","2010",283254,64168,611,-0.447488887096774,0.0644648558023272,0.436684878285176
"4","2011",285280,65498,2329,-0.779243306451613,0.0552243303209343,0.250680172024186
"4","2012",287050,64666,2915,-1.15863837096774,-0.040482252567242,-0.173506549064057
"4","2013",288657,63879,1159,-1.10660667741935,-0.0883351226689495,-0.237434801251213
"4","2014",290248,64254,2173,-1.11968924193548,-0.0984935875190225,-0.240442632301711
"4","2015",291577,63931,3356,-1.09940108064516,-0.0582057408849229,-0.197667846027437
"4","2016",293220,60726,1657,-1.08265246774194,-0.0714609318618451,-0.280503580622733
"4","2017",294719,62746,2091,0,0.0180146655296345,0.00323322775872991
"4","2018",296539,63454,1243,0,0.00271451612903226,-0.0235333163618831
"4","2019",298014,65227,607,0,0.00202096774193548,-0.0278375896835496
"5","2009",192186,40146,594,-0.867328233333333,-0.0723523752360404,-0.0491442453490434
"5","2010",242565,51847,593,-0.869845533333333,-0.122693700884863,-0.161102860809063
"5","2011",244768,52393,555,-1.00594971666667,-0.0978822520776652,-0.379412613261533
"5","2012",246457,51404,633,-0.606554233333333,-0.0384898808210674,0.131312033401282
"5","2013",247907,52257,611,-0.550102266666667,-0.0807369288608145,-0.0264068933250842
"5","2014",255440,52371,579,-0.513340716666667,-0.0631945082446682,0.000542581047811071
"5","2015",256989,51850,583,-0.58080045,-0.0578804717424125,-0.0807596340853556
"5","2016",258062,52724,584,-0.586705666666667,-0.0241086976432956,-0.0762416445027475
"5","2017",258995,54559,603,9.86833333333333,0.0104567445782632,0.242537926506645
"5","2018",260668,55294,582,9.86833333333333,0.00244833333333333,0.175399366914172
"5","2019",261652,55452,582,11.2683333333333,0.002425,0.223275983462916
"6","2009",176402,29565,283,-0.620513707317073,-0.0892780735979648,-0.268572793922678
"6","2010",219268,43491,271,-0.738651487804878,-0.135787276995715,-0.342335245516382
"6","2011",220837,44500,311,-0.820401536585366,-0.124249781430783,-0.35181611936911
"6","2012",223233,44486,276,0.0253608780487805,0.0471146484258304,-0.172731193761025
"6","2013",225597,46800,290,0.175034365853659,0.0333506731223099,-0.115112908638405
"6","2014",228168,46922,334,0.22918956097561,-0.0197836527463657,-0.16628623661702
"6","2015",230601,46929,265,-0.0902641219512195,0.072558778030941,-0.173250781891046
"6","2016",233194,47380,303,-0.137717926829268,0.0842390377594327,-0.115335788386147
"6","2017",235410,47721,260,33.2170731707317,0.117987827548868,0.66141263845171
"6","2018",237820,49269,253,33.2170731707317,0.00218536585365854,0.473513178266012
"6","2019",239982,51073,284,36.0170731707317,0.00215121951219512,0.570515251384091
"7","2009",240353,41759,660,-0.545169654320988,-0.0742365622555851,0.059105222749736
"7","2010",353863,61396,614,-0.756624851851852,-0.0589521030002557,-0.107195589087374
"7","2011",358347,63303,624,-0.748142604938272,-0.00954829285141064,-0.0403604487070086
"7","2012",362324,64763,637,-0.380041543209877,0.0331402453017879,0.0329626674798398
"7","2013",366019,66184,617,-0.401193271604938,0.0369109924981754,-0.0586041259978092
"7","2014",370072,67216,634,-0.391041975308642,0.104752056597922,0.102611423508437
"7","2015",373898,66821,678,-0.368488790123457,0.0788231221540732,0.0789827960802088
"7","2016",377679,66025,612,-0.323136654320988,0.0880811403904635,0.0580459439844786
"7","2017",381540,68736,617,0,0.13581068508985,0.062040311003233
"7","2018",385614,67524,610,0,0.00286543209876543,-0.121268090720178
"7","2019",389794,69772,627,0,0.00274938271604938,-0.0663201102935636
"8","2009",107184,19902,347,-0.9005155,-0.0257835617161998,0.0185408943320877
"8","2010",145168,25045,347,-0.860322088235294,-0.0527086331443467,0.0126862236023923
"8","2011",146428,23494,351,-1.41009023529412,0.0374466177974384,-0.204227556879579
"8","2012",147146,24140,373,-0.488854882352941,-0.0343777927255939,0.0562670159115129
"8","2013",147889,24225,311,-0.586166911764706,-0.0580065042886715,-0.0506446126243842
"8","2014",148657,24559,356,-0.731040529411765,-0.104556114358561,-0.0494029338197148
"8","2015",149739,24521,344,-0.474904029411765,-0.127751690920462,-0.0737480965864699
"8","2016",151315,24410,343,-0.389538382352941,-0.0665967033019763,-0.0186344386164646
"8","2017",152911,25513,376,0,0.015563242741244,0.116286226923593
"8","2018",155029,25431,385,0,0.00310882352941176,0.154594182253669
"8","2019",157102,25986,349,0,0.00193529411764706,0.0382830955033578
"9","2009",116923,27711,425,-0.644779,-0.0981171715403447,-0.329365501298832
"9","2010",154596,38133,226,-0.812439022727273,-0.042495031477768,-0.587794602007791
"9","2011",155350,40877,284,-0.640009954545455,-0.155929251308659,-0.626584248364989
"9","2012",155701,38905,309,0.571983909090909,-0.0465163162825891,0.322286836980354
"9","2013",155974,37314,243,0.596918181818182,-0.107670360777334,0.214713997595634
"9","2014",156000,37160,233,0.602224,-0.115853733123919,0.235545349970756
"9","2015",156011,36679,274,0.495173681818182,-0.11784515568714,0.247990838271055
"9","2016",155875,34508,271,0.444781636363636,-0.0583076999188631,0.218658335495529
"9","2017",155493,35298,270,0,-0.0458995855854802,0.100310472641694
"9","2018",155563,36445,266,0,0.00249545454545455,0.109098696927284
"9","2019",155284,36987,242,0,0.00115909090909091,0.0951398237893048
"10","2009",0,0,201,-0.55594,-0.000398428680694062,0.474865545818743
"10","2010",113973,31950,211,-0.303163206896552,-0.203331381898312,0.314995321499827
"10","2011",113773,31049,196,-0.54886424137931,-0.281273849574973,-0.133960451712356
"10","2012",113567,30452,198,-1.2109584137931,-0.12819084151891,-0.471752226124085
"10","2013",112979,29688,212,-1.13458220689655,-0.109125315334341,-0.23313643572204
"10","2014",112070,29465,189,-1.05258486206897,-0.178257512285886,-0.308892335720368
"10","2015",111064,29182,210,-1.10473613793103,-0.166920806011207,-0.258969399662997
"10","2016",109802,28559,186,-1.16668831034483,-0.1177171298986,-0.211938354487946
"10","2017",108206,28776,200,0,-0.121748370887213,0.022686270105696
"10","2018",106586,28803,204,0,0.00201034482758621,0.400724273965747
"10","2019",105288,29278,200,0,0.00174827586206897,0.405377792039779
"11","2009",0,0,79,-0.6162054375,0.0012202971811471,-0.155771551972663
"11","2010",46638,13837,71,-1.080048125,0.0651127703369207,-0.437255971774873
"11","2011",46194,12967,74,-1.04961525,0.0518153259855998,-0.51079318431764
"11","2012",45862,12640,69,0.252661,-0.0266286018830161,0.141594250200399
"11","2013",45628,12289,71,0.2708645,0.0377363792973617,0.196653067258077
"11","2014",45419,12188,77,0.1324743125,0.0163673317330591,0.17237062499009
"11","2015",45299,12057,78,0.267960125,0.0506148532722752,0.273600515030773
"11","2016",45178,11919,73,0.1841128125,0.0927138032120593,0.206756907340248
"11","2017",44838,12192,75,0,-0.0969500421238787,-0.150680868300378
"11","2018",44699,12678,71,0,0.00105625,0.105864401676221
"11","2019",44558,12512,74,0,0.00141875,0.157661809869744
"12","2009",431572,78964,3450,-0.257862533834587,0.0219220855939758,0.274591023328791
"12","2010",1082077,222752,3347,0.0510187105263158,0.09246740603384,0.45073105272758
"12","2011",1098852,230866,3334,-0.0271516729323308,0.096901307665327,0.374483834534494
"12","2012",1118782,227204,3246,-1.23723991353383,-0.0391282081332067,-0.140251877060482
"12","2013",1136829,227681,3363,-1.15604894736842,-0.0202832460438286,-0.190600870914489
"12","2014",1153653,228292,3819,-1.18307039473684,0.0164607524527988,-0.16851669577123
"12","2015",1165432,225032,3516,-1.1255282406015,0.00503971285520382,-0.199047403937335
"12","2016",1170104,213295,4293,-1.07736583458647,-0.0231771803221649,-0.183900770430858
"12","2017",1179427,215240,3629,0,-0.0834124921555839,-0.142229921149537
"12","2018",1181461,215545,3922,0,0.0021187969924812,-0.0386425790888067
"12","2019",1183521,219714,3360,0,0.00257293233082707,-0.0366157922381266
"13","2009",116032,25864,368,-0.667568,-0.106595727980712,-0.513452720516923
"13","2010",139046,33720,330,-0.878276647058824,0.007487208901211,-0.374650305222428
"13","2011",138148,33477,314,-0.473879470588235,-0.0149130658668312,-0.501113133610895
"13","2012",137471,31829,333,0.362331882352941,0.125279855419967,-0.197462172325142
"13","2013",136957,33244,382,0.349629617647059,0.159212360404385,-0.0935249772832883
"13","2014",136904,32167,270,0.446934058823529,0.180876355687187,-0.0590239442677842
"13","2015",137081,32881,394,0.411945264705882,0.165415731283589,-0.0693474145545781
"13","2016",136789,32454,427,0.674160029411765,0.131259533068502,-0.0524891914873057
"13","2017",136255,32318,257,34.4264705882353,0.164476926445484,0.70130493107209
"13","2018",135583,32381,336,34.4264705882353,0.00240294117647059,0.537704305136858
"13","2019",135041,33113,339,37.6117647058824,0.00254117647058824,0.622054623059396
"14","2009",232785,43112,937,-0.244911515625,0.0628881758822668,0.0773737321450529
"14","2010",300053,56213,933,-0.291538828125,0.00594656098547846,-0.0249091503968599
"14","2011",303845,58339,936,-0.2826060625,-0.0298284246620599,-0.17531312974709
"14","2012",307576,59073,949,-0.488232359375,0.175460115096776,0.0783829628909851
"14","2013",311314,60640,945,-0.236966453125,0.197458209799015,0.15009931878791
"14","2014",314878,62770,1032,-0.24283046875,0.188391653293974,0.158258510297137
"14","2015",318864,61114,962,-0.191814125,0.196334768314963,0.110100366195803
"14","2016",321921,63137,874,-0.267986953125,0.174010605431523,-0.0517906673993322
"14","2017",324073,62838,980,0,0.18247554008661,0.016816691071585
"14","2018",325642,62917,1020,0,0.00284375,-0.148330972603027
"14","2019",327535,65663,971,0,0.00373125,-0.190687661242163
"15","2009",22771,6093,144,-0.434741375,0.0342963412474154,0.420909129609803
"15","2010",94050,24211,157,-0.159095125,-0.115207294717685,0.367023409891011
"15","2011",94054,24673,154,-0.292280666666667,-0.12725065368618,0.325139504322777
"15","2012",93921,22282,147,-0.990450708333333,-0.159567725466267,-0.402274477156487
"15","2013",93589,21855,156,-1.03238425,-0.140166479114786,-0.302168435813833
"15","2014",93048,21997,147,-0.915025166666667,-0.211430858342535,-0.34560514663024
"15","2015",92313,20942,153,-0.95022625,-0.18165766465753,-0.277310264761375
"15","2016",91341,20092,153,-1.0898615,-0.1385149299559,-0.342403868297588
"15","2017",90300,21036,153,0,-0.139548033371529,-0.00864865783554995
"15","2018",89158,21033,162,0,0.001475,0.321883242538828
"15","2019",88306,21981,155,0,0.00179166666666667,0.243455564132654
"16","2009",168055,40270,451,-0.0606178636363636,0.0775428140721735,0.662613868223477
"16","2010",218429,50276,505,-0.174253068181818,-0.0652174673346033,0.458530313966634
"16","2011",220706,48317,472,0.136753795454545,-0.155744730376214,0.250681629966776
"16","2012",222551,48120,429,-1.62641181818182,-0.0358259925816674,-0.208203770871125
"16","2013",224312,48829,463,-1.55864620454545,-0.0960056746661338,-0.203037533495679
"16","2014",226273,49538,461,-1.14234481818182,-0.191212795656485,-0.229665559573199
"16","2015",227855,49115,426,-1.12899829545455,-0.17380792679112,-0.323639636008681
"16","2016",229400,49021,462,-1.12117429545455,-0.147307216806245,-0.352403394216108
"16","2017",231170,50192,407,0,-0.131501320152432,-0.152824487693178
"16","2018",233550,50702,435,0,0.00117272727272727,0.041647697297504
"16","2019",235239,51920,451,0,0.00178181818181818,0.0563008724035779
"17","2009",86548,13975,512,-0.578128092307692,0.10346204001942,0.320437262163357
"17","2010",291653,58462,465,-0.458427461538461,0.294440012581021,0.70171154756079
"17","2011",303329,61346,497,-0.449317723076923,0.244085110708765,0.527571725644349
"17","2012",314980,61382,527,-1.12747387692308,-0.0087711325299288,-0.040763295788316
"17","2013",326477,61518,484,-1.36083029230769,-0.0410072664900705,-0.234423913060316
"17","2014",338916,61798,492,-1.29317047692308,-0.11618743636106,-0.260978589523065
"17","2015",351129,62927,506,-1.21396958461538,-0.111776210892109,-0.295634934213317
"17","2016",362435,59700,537,-1.15897406153846,-0.196491600511536,-0.306119873178367
"17","2017",374558,60617,546,0,-0.158600373794194,-0.241816620966136
"17","2018",385143,62003,526,0,0.00230153846153846,-0.0316890208995781
"17","2019",395134,63906,496,0,0.00144615384615385,-0.1382942877394
"18","2009",51103,8766,411,-0.474370791666667,-0.0216741300448162,0.395228805310423
"18","2010",193063,46391,458,-0.618607854166667,-0.0907701535642961,0.300934636601486
"18","2011",193264,45623,427,-0.813877479166667,-0.0701283172953604,0.0401330065295387
"18","2012",193037,44245,407,-0.972291145833333,-0.131667241698971,-0.333217016827082
"18","2013",192898,44197,396,-0.900687208333333,-0.166114055912418,-0.308499306487148
"18","2014",192407,42867,431,-0.987413041666667,-0.174452113728937,-0.309732531023906
"18","2015",192174,42949,455,-1.03445420833333,-0.107349379568229,-0.123463034263647
"18","2016",190969,41767,425,-0.995056895833333,-0.0899530599768661,-0.019578017438854
"18","2017",190667,42928,411,0,-0.106765894020602,-0.0668451625223162
"18","2018",189882,43500,434,0,0.00193541666666667,0.22602665538504
"18","2019",189042,45264,418,0,0.00221875,0.199011964736465
"19","2009",113386,23769,378,-0.614639083333333,0.00108235275059319,0.379414419458594
"19","2010",176043,38934,395,-0.394955444444444,0.0335270779133511,0.393596052463764
"19","2011",177006,39690,406,-0.759241861111111,-0.018962139278783,0.113788669693343
"19","2012",177976,40181,391,-1.44015833333333,-0.0204771796106308,-0.253365737601633
"19","2013",178865,40113,404,-1.43372430555556,0.0183569835912866,-0.199123022611352
"19","2014",179908,41822,389,-1.41847347222222,0.0289937746553081,-0.187925536812187
"19","2015",180482,41687,351,-1.23159927777778,0.0213140796411668,-0.21020983577531
"19","2016",181288,42179,381,-1.29680125,0.0903186817465231,-0.147841204190622
"19","2017",181863,41919,394,0,0.211216626664205,0.18307990021238
"19","2018",182341,42629,378,0,0.00284166666666667,-0.0502860596865032
"19","2019",182489,42039,382,0,0.00204722222222222,-0.0211276451504747
"20","2009",202970,51062,667,-0.928226197530864,-0.0110444927474198,-0.144436586522568
"20","2010",242143,62623,1108,-0.983075086419753,-0.0377063914638001,-0.387246379511606
"20","2011",241943,58634,1027,-0.656078530864198,-0.125337610020403,-0.514924003130986
"20","2012",243056,56770,1051,0.617658679012346,-0.0108749624562052,-0.2394653919128
"20","2013",244090,56351,1141,0.510735975308642,0.00454229111067434,-0.245536420469231
"20","2014",244745,54330,1068,0.444311283950617,0.0521845271742597,-0.141355928337666
"20","2015",245452,51417,1057,0.265678209876543,0.0363855543307298,-0.125167173022992
"20","2016",245724,52524,1137,0.205917839506173,0.0623302116897519,-0.122487079784922
"20","2017",245752,52926,983,32.637037037037,0.00442276839453662,0.568698645443828
"20","2018",245592,52411,1389,32.637037037037,0.00232716049382716,0.676049202477174
"20","2019",244601,54082,1020,33.3456790123457,0.00294320987654321,0.675871114771771
"21","2009",215151,43017,862,-0.58107474025974,-0.0149886675588093,-0.0724042806458649
"21","2010",336574,72845,912,-0.809602753246753,-0.0536661041145547,-0.25796596131879
"21","2011",337954,69964,867,-0.72610648051948,0.0138826278182543,-0.16177678840455
"21","2012",339590,69802,933,-0.165590155844156,0.120986132845311,-0.0665787561111184
"21","2013",341654,72082,878,-0.207184194805195,0.1314543228723,-0.106574667194868
"21","2014",343506,72479,906,-0.16753474025974,0.102859068777173,-0.121556594229953
"21","2015",345298,71301,866,-0.183288961038961,0.0824138117603603,-0.124219435435132
"21","2016",347481,71189,938,-0.195605987012987,0.0613760482713921,-0.10428164108155
"21","2017",347838,73625,896,19.6428571428571,0.0637489951477661,0.38032637361595
"21","2018",348712,73097,894,19.6428571428571,0.00247272727272727,0.315653462499884
"21","2019",349588,75815,877,20.3584415584416,0.00237792207792208,0.319378288305992
"22","2009",0,0,132,-0.55594,-0.000398428680694062,-0.0735552777226977
"22","2010",103400,28771,136,-1.2668082173913,-0.0161283666337206,-0.592554839277971
"22","2011",104004,27358,143,-1.35254843478261,0.00705951966417225,-0.529278444987994
"22","2012",103972,25730,155,-0.260259130434783,-0.00836190702501986,0.175056420589448
"22","2013",104046,25091,133,-0.0294617391304348,-0.0193057700964083,0.188157293918083
"22","2014",103714,24841,135,0.0328738260869565,-0.0799357743131264,0.20962768991654
"22","2015",103308,25042,133,0.034002,-0.0359643118477625,0.19264663123715
"22","2016",102992,24121,137,-0.0146864782608696,-0.0724015798913075,0.237341942032484
"22","2017",102632,25843,132,0,-0.0227979384338257,0.0521247562583516
"22","2018",102473,24649,138,0,0.00183913043478261,0.0588124234101383
"22","2019",102496,25093,134,0,0.00123478260869565,0.0816214046264684
"23","2009",85388,19203,288,-0.68479746875,-0.134424602765589,-0.264577398175357
"23","2010",106934,23788,257,-0.71029978125,-0.202171755179324,-0.498506376109581
"23","2011",106627,22909,256,-0.7121673125,-0.261057660185032,-0.737349525708736
"23","2012",106503,22303,261,0.2348225625,-0.0674485526328858,0.257980703652658
"23","2013",106073,22894,289,0.17893146875,-0.0934621568543581,0.202195841042338
"23","2014",105659,22538,257,0.1472764375,-0.083125955806649,0.14730528277806
"23","2015",105244,22047,275,0.13975325,-0.0847444509200863,0.149160022927124
"23","2016",104752,21672,256,0.105858875,-0.0362256892737076,0.289922167410545
"23","2017",103881,22104,264,0,-0.0482594797797646,0.0581988914764908
"23","2018",103188,22428,235,0,0.002009375,0.163474170575149
"23","2019",102326,23080,257,0,0.00255625,0.23219622013131
"24","2009",85804,20074,310,-1.06641767741935,-0.151376716696069,-0.533236387293164
"24","2010",96785,25205,291,-0.973259838709677,-0.211412747941902,-0.683478797869127
"24","2011",96066,24996,279,-0.514362225806452,-0.197915774397669,-0.646376295663208
"24","2012",95786,24573,287,0.781003096774194,0.100235146790561,-0.165175421601496
"24","2013",95901,24390,264,0.692646483870968,0.123468762933732,-0.106269933362833
"24","2014",96007,23768,278,0.762820677419355,0.156148061149216,-0.0198277786572326
"24","2015",96135,22455,303,0.632572483870968,0.163497168324412,-0.0251889331049589
"24","2016",96071,22799,340,0.577671677419355,0.162226804312239,-0.024973786053494
"24","2017",95536,23008,331,37.5838709677419,0.107648894963608,0.786717344479921
"24","2018",95311,23724,270,37.5838709677419,0.00231290322580645,0.675510445926609
"24","2019",95097,24636,287,40.0322580645161,0.00278064516129032,0.742299543198983
"25","2009",139401,27542,918,-0.102301673913043,0.0184571785753668,0.108806674721193
"25","2010",428677,100868,783,0.461541739130435,0.149050108418412,0.456357319624135
"25","2011",442009,108942,709,0.742120826086957,0.0910035022026905,0.454512735297305
"25","2012",456363,108460,985,-0.753586217391304,-0.0506358446804627,0.00714099167900062
"25","2013",471110,109354,897,-0.963742260869565,-0.0442765398172339,-0.0574178258505721
"25","2014",484200,109590,743,-1.07619867391304,-0.0430139207158103,-0.157008052249374
"25","2015",493639,107170,764,-0.817889902173913,-0.0710135580516077,-0.248784937704539
"25","2016",500606,104101,863,-0.855972282608696,-0.0838380661984446,-0.250225155412464
"25","2017",508259,107236,940,0,-0.00306894612535074,-0.098925787047106
"25","2018",514629,109272,805,0,0.00242608695652174,-0.0903456270837303
"25","2019",519583,110197,730,0,0.0014945652173913,-0.124110335973847
"26","2009",106822,17638,915,-0.502041333333333,0.0402287971905021,0.12720104799977
"26","2010",318812,61820,1175,-0.768008186666667,0.0575661951158392,0.0385893142140159
"26","2011",324119,62291,1035,-0.898043133333333,0.0791973881197834,-0.04419399316825
"26","2012",329481,62717,3521,-0.423376266666667,-0.00437127993259834,0.0633316617276002
"26","2013",335043,63249,4482,-0.29325264,-0.0562106418411575,0.0730215652819015
"26","2014",341138,63040,1001,-0.180845546666667,-0.0823938180844402,0.0612072239832616
"26","2015",346513,62991,660,-0.259749666666667,-0.159242052448349,-0.113947743248101
"26","2016",351482,60960,704,-0.337922293333333,-0.155401665064391,-0.0755308207035866
"26","2017",354906,60768,617,0,-0.203070414525672,-0.233807810217516
"26","2018",359967,62037,928,0,0.00165333333333333,0.0839504177151657
"26","2019",364838,63027,626,0,0.001656,0.0201791364157391
"27","2009",0,0,236,-0.55594,-0.000398428680694062,0.342829303788177
"27","2010",163743,31257,246,-0.922820235294118,0.0739709730715173,0.450426122918228
"27","2011",165409,31968,231,-0.968817794117647,-0.0156614887749916,0.112405030187976
"27","2012",166724,31326,242,-1.05160691176471,-0.210674741076199,-0.220148328851772
"27","2013",167976,31427,231,-0.997274205882353,-0.18942836563088,-0.236789661930838
"27","2014",169529,30864,238,-0.865986911764706,-0.305642373634486,-0.295153912187146
"27","2015",171061,30895,228,-0.786611323529412,-0.271574453161464,-0.255378712010651
"27","2016",172388,29601,228,-0.676602676470588,-0.203609463695088,-0.0983568876214895
"27","2017",173933,30694,235,0,-0.0216850462342992,0.0860354970398347
"27","2018",175648,31766,233,0,0.00223823529411765,0.0477138123336098
"27","2019",177387,31946,236,0,0.00111470588235294,0.0664177363340722
"28","2009",180300,44836,1600,-0.854341666666667,-0.0661583274188642,-0.318592504269351
"28","2010",201828,52034,1307,-0.903210287878788,-0.242573720220884,-0.50949165409847
"28","2011",203165,52357,1512,-0.716498484848485,-0.125104147891352,-0.418813969975659
"28","2012",205348,50928,1686,0.552684545454545,0.233189901397018,-0.0587156406677925
"28","2013",207878,49394,1358,0.48942253030303,0.229091196031943,-0.105991887114043
"28","2014",211063,50786,1417,0.352698166666667,0.304593941262655,-0.0332617499127921
"28","2015",213735,47751,1480,0.312312393939394,0.276631347989135,-0.0731154774732446
"28","2016",216773,47015,1639,0.333070818181818,0.32181095110965,-0.0315215242709865
"28","2017",220892,49869,1329,33.3212121212121,0.242454472569331,0.684704335915283
"28","2018",223787,51148,1569,33.3212121212121,0.00278636363636364,0.446595064455767
"28","2019",226622,54879,1494,34.3409090909091,0.00429242424242424,0.418205007411289
"29","2009",44616,10841,611,-0.731275913043478,0.0107366344131013,-0.175739708238596
"29","2010",95793,24483,638,-0.738612260869565,0.0592765413542256,-0.261759409227308
"29","2011",96264,24562,679,-0.746616913043478,0.0621659881787626,-0.119633688313516
"29","2012",96742,24415,609,-0.523420217391304,0.11753848994191,-0.180800979947368
"29","2013",97355,25471,644,-0.623886869565217,0.153420279484496,-0.234384729385035
"29","2014",97949,24984,641,-0.333788782608696,0.106602696339746,-0.327202178583174
"29","2015",98736,24904,639,-0.298254608695652,0.127866986016533,-0.2386965658027
"29","2016",99329,26028,616,-0.448650739130435,0.276210270043148,-0.0997079457070873
"29","2017",99572,26440,614,33.8086956521739,0.256222070539622,0.656625008208949
"29","2018",99621,27039,626,33.8086956521739,0.00290434782608696,0.446560018070652
"29","2019",99229,27858,640,36.3695652173913,0.0046695652173913,0.534740178925183
"30","2009",0,0,113,-0.55594,-0.000398428680694062,-0.0470006720464167
"30","2010",86792,22414,102,-0.859526956521739,-0.18262409177918,-0.66150772118945
"30","2011",86579,23361,114,-0.878920304347826,-0.158855156429757,-0.645228033839883
"30","2012",86060,21073,104,0.306271130434783,-0.13408945977691,0.281512883691645
"30","2013",85432,21103,103,0.270670739130435,-0.136702859192244,0.250391713784867
"30","2014",84578,20212,100,0.179173608695652,-0.155423874510391,0.100086920852943
"30","2015",83991,20458,111,0.22686347826087,-0.202231597800744,0.143101861401783
"30","2016",83087,20568,111,0.202629826086957,-0.163253935918465,0.215307503766694
"30","2017",82424,20991,108,0,-0.167035758069255,-0.118627233459522
"30","2018",82291,21872,108,0,0.00112608695652174,0.249845803878417
"30","2019",81800,21469,108,0,0.00127391304347826,0.232116973158922
"31","2009",145808,31729,1068,-0.84334894,-0.0205116294088923,0.0483013815790372
"31","2010",229527,50203,922,-0.8834853,-0.0374227536029764,0.0678516631228585
"31","2011",232414,50288,1143,-0.74586714,-0.0671363840660178,0.0596135121150012
"31","2012",234992,50672,1129,-0.75515034,0.077801123896322,0.104222698259083
"31","2013",237060,50338,1182,-0.90127212,0.107070141993959,0.0703239752826126
"31","2014",239734,50036,1150,-0.83730114,-0.0158001960033254,-0.0905302306233712
"31","2015",241988,49708,1047,-0.89839164,0.0920118265353734,-0.0661675658019803
"31","2016",244137,48433,1071,-0.9622753,0.0972884472510459,-0.0874328428985806
"31","2017",246590,49306,1116,0,0.206191107758977,0.136704020835455
"31","2018",249281,51475,995,0,0.003134,-0.115796321414207
"31","2019",251485,52159,1088,0,0.004586,-0.127090290455908
"32","2009",55927,11717,222,-0.898801871794872,-0.164138702093877,-0.254763263255292
"32","2010",140243,34651,238,-0.932413948717949,-0.115172898881611,-0.127856753652719
"32","2011",140850,33970,232,-1.10509274358974,-0.177206976346666,-0.521390841067548
"32","2012",141062,33681,236,-0.239193025641026,-0.129924002778306,0.131794627882324
"32","2013",141130,34435,244,-0.177077974358974,-0.137726009787297,0.0924591856524354
"32","2014",141096,33721,235,-0.272415153846154,-0.108028195188682,0.177147132311367
"32","2015",140931,33213,228,-0.176953871794872,-0.106297228340836,0.168679947881107
"32","2016",140746,32505,227,-0.116363307692308,-0.143921330286583,0.168211892613441
"32","2017",140610,33837,240,0,-0.140207296065162,-0.0670856628852626
"32","2018",140785,34791,230,0,0.00146153846153846,0.0990831086953843
"32","2019",140962,34657,233,0,0.00130512820512821,0.133720625824763
"33","2009",318015,68038,626,-0.68408444,0.0180797857134476,-0.276253733141054
"33","2010",435996,97377,678,-0.73719215,0.091815200635341,-0.230937856129349
"33","2011",436979,96053,650,-0.74140113,0.128253203435824,-0.118100736777765
"33","2012",439528,95423,705,-0.54990422,0.0963517723842277,-0.176291499561781
"33","2013",442151,96048,666,-0.6024452,0.119888262094975,-0.188054015629732
"33","2014",445623,94844,681,-0.56507171,0.11610916543089,-0.205857181717449
"33","2015",448290,94405,634,-0.49430894,0.109587099959145,-0.158504936605947
"33","2016",449733,93838,674,-0.56798813,0.04498591437145,-0.268384508125478
"33","2017",450057,95072,686,27.287,0.0577253284354451,0.542838397039189
"33","2018",450135,95632,644,27.287,0.002098,0.522529076027027
"33","2019",450201,96530,659,27.94,0.001947,0.557016994622337
"34","2009",116062,27425,165,-1.12979403030303,-0.0754569976719239,-0.163175894950614
"34","2010",142470,33677,177,-1.12624715151515,-0.0862991762236172,-0.167829449285301
"34","2011",142600,34424,170,-1.20531981818182,-0.0329557475809643,-0.146949084990021
"34","2012",142350,33755,169,-0.787896909090909,-0.140887550797197,-0.157290344268317
"34","2013",141899,32799,157,-0.685976454545455,-0.111302077281803,-0.0320005977221877
"34","2014",141430,32156,186,-0.58164296969697,-0.116692567819911,0.0928502223042805
"34","2015",140783,32501,185,-0.575754121212121,-0.128819528003672,0.157628775174217
"34","2016",140170,33115,178,-0.550172878787879,-0.113919194601107,0.0792460860959396
"34","2017",139447,32814,167,0,-0.0609237183846579,-0.013154558761215
"34","2018",138781,34429,161,0,0.00273333333333333,0.152971841649544
"34","2019",138095,34296,169,0,0.00143636363636364,0.197703004753676
"35","2009",65176,12440,329,-0.721098069767442,-0.133440892216325,-0.287097348646456
"35","2010",144348,31571,454,-0.731367813953488,-0.303091482880826,-0.534702631798669
"35","2011",145700,32668,334,-0.643069348837209,-0.2287163600212,-0.592707187322065
"35","2012",146563,32258,306,0.358467837209302,-0.0830222572607719,-0.11686090642436
"35","2013",147198,31664,485,0.365166441860465,-0.0438830322067836,0.015002250402824
"35","2014",147893,30957,390,0.328862790697674,-0.0593338026619926,-0.0589751660674249
"35","2015",148791,30330,331,0.252085581395349,-0.0878384004666629,-0.133084921676752
"35","2016",149792,29996,392,0.282543558139535,-0.0759648558097154,-0.0434453591769278
"35","2017",150570,30792,339,21.8627906976744,-0.0558179879520425,0.480796672109821
"35","2018",151682,30499,347,21.8627906976744,0.00212325581395349,0.634611722000614
"35","2019",152747,32653,301,22.3418604651163,0.00141162790697674,0.636462876599395
