"year","geoid_tr","PHYSICIAN ACCESS"
2018,51107610400,0.0025
2019,51735340100,0.002
2019,51059452101,0.0027
2018,51800075302,0.0025
2019,51107980100,0.0021
2019,51700032224,0.0025
2019,51041101008,0.0017
2018,51710005702,0.0023
2018,51810040402,0.0021
2019,51061930302,0.001
2019,51171040202,6e-04
2019,51197050401,0.0032
2018,51530930600,0.0023
2019,51085320805,0.0033
2018,51059432600,0.0023
2018,51069050200,8e-04
2019,51093280300,9e-04
2019,51107610202,6e-04
2018,51087200112,0.0028
2019,51770001100,0.0048
2018,51810046206,0.0021
2019,51117930102,0.0011
2018,51710003600,0.0023
2018,51199050203,0.0025
2018,51087201001,0.0029
2019,51095080401,0.0019
2018,51810042000,0.0021
2018,51059492500,0.0023
2019,51177020306,0.0019
2018,51195931600,0.0023
2018,51700031500,0.0025
2018,51155210202,0.002
2019,51013102600,0.0023
2018,51155210400,0.002
2019,51107611023,0.0016
2019,51153900100,0.0015
2019,51660000205,0.0024
2019,51810044401,0.0017
2019,51155210201,0.0014
2019,51059432300,0.0029
2019,51177020308,0.0022
2019,51107611011,0.0013
2018,51059432201,0.0022
2019,51147930202,0.0016
2018,51059430500,0.0022
2019,51019030503,6e-04
2018,51059461500,0.002
2019,51019030504,0.0011
2018,51730810700,0.0031
2018,51153901203,0.0024
2019,51041100935,0.0034
2018,51153901413,0.0025
2018,51740211100,0.0023
2019,51540000800,0.0068
2019,51540000201,0.0068
2018,51087201602,0.0029
2018,51800075802,0.0018
2018,51650010400,0.0025
2018,51149850501,0.0029
2019,51550021009,0.0011
2018,51041101009,0.0031
2019,51161031201,0.0041
2018,51740211400,0.0023
2019,51700030300,0.003
2019,51053840100,2e-04
2018,51121020201,0.0029
2018,51550020809,0.0022
2019,51005080201,0.0028
2019,51199050900,0.0024
2019,51153901231,0.0021
2019,51013102002,0.0023
2018,51810044806,0.0021
2018,51179010403,0.0018
2019,51107610703,9e-04
2019,51053840200,6e-04
2019,51177020109,0.0023
2019,51059451502,0.0025
2018,51810044003,0.0021
2018,51059415800,0.0022
2018,51143010600,0.0039
2019,51019030300,0.001
2018,51059430201,0.0022
2019,51117930101,0.0018
2018,51760010401,0.0028
2018,51550021401,0.0022
2019,51640070101,0.0031
2019,51175200100,0.0012
2019,51061930303,9e-04
2019,51590001000,0.0032
2019,51177020107,0.0023
2018,51177020203,0.0011
2018,51085320300,0.003
2018,51153901305,0.0025
2019,51059421900,0.0021
2019,51810046002,0.0024
2019,51041100912,0.0023
2019,51740210200,0.0028
2018,51570830300,0.0029
2018,51059416000,0.0022
2019,51710000100,0.0028
2018,51059415401,0.0022
2018,51107610503,0.0025
2018,51073100400,0.0023
2018,51047930101,0.0012
2019,51510200407,0.0026
2018,51800075701,0.0023
2019,51760010900,0.0042
2018,51041100805,0.0028
2018,51107611017,0.0022
2019,51165011400,0.0023
2019,51107611024,0.0013
2018,51059491303,0.0022
2018,51153901412,0.0025
2019,51650010104,0.0024
2019,51710002500,0.003
2018,51019030602,0.004
2018,51177020107,0.0011
2018,51113930100,0.003
2019,51107610201,5e-04
2019,51109950500,3e-04
2019,51069051000,0.0025
2018,51135000200,0.0015
2018,51165010700,0.0013
2018,51095080203,0.0023
2019,51740212000,0.0027
2019,51710001700,0.0031
2018,51710003300,0.0023
2019,51510201900,0.0021
2019,51680001800,0.0034
2019,51197050301,0.0024
2018,51810046214,0.0021
2018,51119950900,0.001
2018,51089010400,0.0028
2019,51067020800,0.0013
2018,51059420700,0.0021
2019,51650010602,0.0026
2018,51810042801,0.0021
2018,51059461601,0.002
2019,51165010900,0.001
2019,51700032129,0.0025
2019,51009010300,0.0026
2019,51800075802,0.001
2018,51810045422,0.0021
2019,51760010600,0.0043
2019,51171040800,0.0014
2018,51177020201,0.0011
2019,51169030200,5e-04
2018,51165010200,0.0032
2019,51171040500,0.001
2019,51107611006,0.0017
2019,51059440800,0.0029
2018,51041100930,0.0028
2018,51161030100,0.0028
2018,51153901005,0.0024
2019,51059422000,0.0022
2019,51171040600,0.001
2018,51089010500,0.0014
2018,51810046010,0.0021
2018,51770001800,0.0029
2018,51059416300,0.0023
2019,51191011000,0.0025
2019,51107611202,0.0018
2019,51003010300,0.0051
2018,51059451502,0.002
2018,51069051102,9e-04
2018,51085321001,0.0029
2018,51019030603,0.0039
2019,51013100500,0.0023
2019,51121020700,0.0025
2018,51041101010,0.0028
2018,51059460100,0.002
2018,51740212801,0.0023
2018,51143010700,0.0029
2018,51059491403,0.0023
2018,51095080202,0.0022
2019,51193010200,8e-04
2018,51013103602,0.0019
2019,51650010701,0.0023
2018,51013103100,0.002
2018,51013102500,0.002
2019,51041100932,0.0035
2018,51059461901,0.002
2018,51085320500,0.0031
2019,51770000500,0.0047
2019,51161030205,0.0041
2019,51041100934,0.0033
2018,51019030201,0.0034
2019,51760070400,0.0045
2019,51177020104,0.0016
2019,51710000902,0.0031
2018,51105950300,9e-04
2019,51830370100,0.0023
2019,51015071200,0.0018
2018,51107610507,0.0025
2018,51153901601,0.0025
2018,51107610604,0.0025
2018,51013102802,0.002
2018,51023040302,0.0029
2018,51013102600,0.002
2018,51059482202,0.002
2018,51191010602,0.0018
2019,51820003300,0.0024
2018,51650010702,0.0025
2019,51019030601,0.0025
2018,51109950202,0.0034
2019,51083930800,0.002
2018,51041100815,0.0028
2019,51191010501,0.0029
2019,51740212100,0.0028
2019,51510200106,0.0024
2019,51550020002,0.0029
2019,51143011200,0.0032
2018,51051040300,0.0023
2018,51810045601,0.0021
2019,51107611025,0.0016
2019,51003011202,0.0049
2019,51700032226,0.0025
2019,51059420202,0.0026
2018,51107611205,0.002
2019,51041100812,0.0034
2018,51087200108,0.0028
2019,51550021301,0.001
2019,51570830500,0.0015
2019,51177020111,0.0022
2018,51061930304,0.0029
2019,51035080100,0.0015
2018,51820003100,0.0032
2019,51680001900,0.0034
2018,51630000302,0.0011
2019,51153901212,0.0016
2018,51680000202,0.0017
2019,51023040301,0.0015
2019,51041100814,0.0033
2018,51177020106,0.0011
2018,51143011300,0.0017
2019,51107610702,7e-04
2019,51660000401,0.0023
2019,51195931300,0.0032
2019,51059415300,0.0019
2018,51153901235,0.0024
2019,51570830400,0.0015
2019,51179010405,0.0022
2018,51059482504,0.002
2019,51590001301,0.0032
2018,51107610300,0.0024
2018,51710004300,0.0023
2019,51117930300,0.0019
2018,51710005901,0.0023
2019,51650010502,0.0028
2018,51153900408,0.0024
2019,51710004100,0.0029
2018,51177020113,9e-04
2018,51059452302,0.0022
2018,51013101603,0.0019
2019,51710000500,0.0028
2019,51153980100,0.0011
2018,51760010500,0.0028
2018,51169030400,0.0019
2019,51031020102,0.0013
2018,51031020102,0.002
2019,51710006605,0.0028
2018,51085321403,0.0031
2019,51059490501,0.0025
2018,51131930200,0.0018
2018,51760070802,0.0028
2018,51089010100,0.003
2019,51121020202,0.0025
2018,51730811000,0.003
2018,51035080602,0.0013
2018,51009010402,0.0017
2018,51107610800,0.0023
2019,51550021005,0.0018
2018,51810046220,0.0021
2018,51670820700,0.0029
2018,51121020800,0.0029
2018,51119951000,0.0011
2018,51069050100,9e-04
2019,51153901009,0.0013
2019,51810046221,0.0025
2018,51710003800,0.0023
2018,51015070100,0.0013
2018,51077060202,0.0022
2018,51153901506,0.0027
2019,51760070900,0.0042
2019,51059460400,0.0028
2018,51059421103,0.0022
2018,51610500200,0.002
2018,51700032225,0.0026
2018,51710980100,0.0024
2019,51015070700,0.0024
2018,51760041400,0.0027
2019,51077060300,6e-04
2019,51135980100,7e-04
2018,51089010300,0.003
2019,51760040800,0.0044
2018,51131930300,0.0024
2018,51510200403,0.0021
2018,51059481202,0.002
2018,51041100405,0.0028
2019,51059451900,0.0027
2019,51700031901,0.0024
2019,51059461201,0.0031
2019,51001090800,0.0019
2019,51179010211,0.0015
2019,51179010105,0.0016
2019,51001990100,0.0012
2019,51059420100,0.0027
2019,51059481000,0.0023
2019,51059420600,0.0022
2018,51059431600,0.0022
2018,51077060102,0.0012
2018,51153901415,0.0025
2019,51041100806,0.0035
2018,51073100500,0.0026
2018,51029930101,0.0035
2018,51760040600,0.0027
2019,51041100926,0.0036
2018,51107611601,0.002
2018,51650010703,0.0025
2018,51041100703,0.0028
2018,51171040600,0.0014
2018,51107611022,0.0026
2018,51167030300,0.0024
2018,51700031400,0.0025
2019,51035080200,0.0026
2019,51003011100,0.0049
2018,51510200900,0.002
2019,51760060800,0.0041
2019,51013100600,0.0022
2018,51059432402,0.0023
2018,51153901702,0.0024
2018,51095080205,0.0022
2018,51061930203,0.0016
2019,51087201501,0.0038
2019,51710005602,0.0031
2018,51550020500,0.0022
2018,51670820600,0.0029
2019,51760060500,0.0045
2018,51161030205,0.0027
2019,51087200129,0.0029
2019,51041100405,0.0035
2019,51830370300,0.0022
2019,51107610102,4e-04
2019,51107610400,9e-04
2018,51059481104,0.002
2018,51550020808,0.0022
2019,51700032130,0.0024
2019,51087200501,0.0044
2018,51087200409,0.0028
2018,51041100910,0.0028
2019,51810044001,0.0014
2018,51690000400,0.0021
2019,51089011300,0.0013
2019,51800075501,0.0012
2019,51550021602,0.0027
2019,51059481600,0.003
2018,51810045426,0.0021
2018,51710002100,0.0024
2019,51013100900,0.0026
2018,51143010500,0.002
2018,51685920200,0.0024
2019,51003010902,0.0067
2019,51051040400,0.0015
2019,51740212702,0.0026
2019,51810045406,0.002
2019,51013980200,0.0021
2018,51015070900,0.0031
2019,51770001900,0.0048
2018,51149850502,0.0031
2019,51121020400,0.0024
2018,51145500400,0.0031
2018,51810045604,0.0021
2019,51153901234,0.0012
2019,51059440501,0.003
2019,51680000400,0.0034
2018,51063920101,0.0032
2019,51059430902,0.0029
2019,51510200403,0.0024
2019,51165011600,0.0025
2019,51550020806,0.0023
2018,51510202002,0.002
2018,51059421200,0.0022
2019,51131930200,0.0026
2018,51121021100,0.0031
2019,51650011400,0.0028
2019,51800075201,0.0022
2019,51161031000,0.0043
2018,51165010900,0.001
2019,51107610900,0.0011
2019,51710006200,0.0029
2018,51069050802,0.001
2019,51013103300,0.0022
2018,51041100902,0.0028
2018,51810045803,0.0021
2018,51125950100,0.0041
2019,51041100921,0.0038
2019,51760020700,0.0041
2019,51059450701,0.003
2019,51111930200,0.0012
2019,51167030200,0.0014
2019,51089010601,0.0015
2019,51153900802,0.0011
2019,51710005601,0.003
2018,51165011400,0.0031
2019,51760070700,0.0044
2019,51003010100,0.0045
2018,51810046005,0.0021
2018,51059482302,0.002
2018,51810045200,0.0021
2019,51143011400,0.0032
2018,51059492203,0.0023
2018,51710006400,0.0022
2019,51075400300,7e-04
2019,51710006502,0.0026
2018,51029930102,0.0024
2018,51820003300,0.0031
2018,51153901012,0.0024
2019,51520020300,0.0016
2018,51165011600,0.003
2019,51059421400,0.002
2018,51085320900,0.0029
2019,51059430203,0.003
2018,51015070400,0.0031
2018,51051040100,0.0021
2018,51033030202,0.0028
2018,51810043800,0.0021
2019,51041100209,0.0037
2019,51107610503,0.001
2018,51085321300,0.003
2018,51107611011,0.0025
2018,51059430801,0.0022
2018,51013101200,0.002
2018,51540000600,0.0031
2019,51041100404,0.0034
2019,51059450602,0.003
2018,51013100700,0.002
2018,51003010202,0.0032
2018,51710003100,0.0023
2018,51510200303,0.0021
2019,51029930202,9e-04
2019,51550021101,0.0016
2019,51510200302,0.0025
2018,51027010500,0.0019
2018,51700030300,0.0025
2019,51630000100,0.0024
2019,51157950200,9e-04
2019,51810046207,0.0023
2019,51800075602,5e-04
2019,51810044200,0.0014
2018,51760011100,0.0028
2019,51740210600,0.0028
2019,51059461602,0.0029
2019,51660000206,0.0023
2018,51059440501,0.0022
2019,51177020407,0.001
2018,51041101011,0.0028
2019,51059491501,0.0025
2019,51087200116,0.0039
2018,51041100209,0.0028
2019,51036600300,9e-04
2019,51710006901,0.0027
2018,51580060100,0.0021
2018,51750010200,0.0037
2018,51121020300,0.0028
2019,51121021000,0.0024
2018,51710000902,0.0024
2019,51061930706,0.001
2019,51107611207,0.0019
2018,51770001000,0.0028
2019,51600300300,0.0031
2019,51059491702,0.0027
2018,51800065100,0.0023
2019,51059450800,0.003
2018,51101950300,0.0028
2019,51590000600,0.0032
2019,51013101401,0.0026
2019,51650012000,0.0029
2019,51570830100,0.0018
2019,51161030500,0.0039
2019,51011040200,0.0011
2018,51740210900,0.0023
2019,51041100701,0.0015
2018,51179010504,0.0012
2019,51167030402,0.0023
2019,51013101300,0.0025
2018,51087200104,0.0027
2019,51063920101,0.0012
2019,51185020400,0.0016
2019,51087201202,0.0037
2018,51173030301,0.0024
2018,51179010108,0.0023
2019,51810045801,0.0023
2019,51700030900,0.0031
2019,51027010400,0.0017
2018,51153900404,0.0024
2018,51009010200,0.0023
2019,51059482601,0.0026
2019,51185020600,0.0021
2018,51013103503,0.0019
2018,51165010600,0.0028
2018,51710006604,0.0023
2018,51840000202,0.001
2019,51740211900,0.0026
2018,51061930302,0.003
2019,51153901229,0.0014
2018,51550020002,0.0022
2018,51059480501,0.002
2018,51171040100,9e-04
2018,51059432100,0.0023
2018,51195930800,0.0014
2019,51740211400,0.0028
2018,51760030100,0.0028
2018,51033030400,0.0027
2019,51147930300,0.0017
2018,51071930100,0.0026
2019,51107610101,4e-04
2019,51015071000,0.0018
2019,51810045415,0.0021
2019,51193010300,8e-04
2018,51185020300,0.0021
2018,51047930201,0.0026
2019,51710005701,0.0031
2019,51089010200,0.0017
2018,51057950800,0.0018
2018,51087200127,0.0028
2018,51153901009,0.0024
2018,51770002300,0.0028
2018,51053840300,0.0029
2018,51031020800,0.002
2019,51700031400,0.0026
2019,51510201802,0.002
2018,51059452301,0.0021
2018,51840000100,0.001
2018,51059431001,0.0023
2019,51810045407,0.0017
2019,51059415800,0.0017
2018,51153901010,0.0024
2019,51171040300,0.001
2018,51059421001,0.0022
2018,51041100934,0.0028
2019,51059491102,0.0022
2018,51059480901,0.002
2019,51730811100,0.0013
2019,51059482201,0.0024
2018,51053840100,0.0024
2019,51087200502,0.0045
2019,51710004500,0.003
2019,51169030600,9e-04
2019,51199050402,0.002
2018,51153901504,0.0025
2019,51033030300,4e-04
2018,51177020310,0.0011
2018,51760041100,0.0027
2019,51031020200,0.0033
2018,51700030900,0.0025
2019,51059432701,0.0025
2019,51059452302,0.0029
2019,51059480401,0.0024
2018,51087200804,0.0028
2019,51191010502,0.0029
2018,51161030300,0.0028
2018,51735990100,0.0026
2018,51810045420,0.0021
2018,51041100403,0.0029
2019,51061930704,9e-04
2019,51087200126,0.0039
2018,51107610701,0.0023
2019,51095080402,0.0018
2018,51059470500,0.002
2018,51800075403,0.0024
2019,51760010500,0.0043
2019,51003010800,0.0068
2018,51710006601,0.0024
2019,51770001000,0.0047
2019,51153901222,0.0021
2018,51145500200,0.0031
2019,51059430801,0.0027
2018,51003010300,0.0032
2018,51015071101,0.0032
2019,51099040100,4e-04
2019,51760070802,0.0041
2019,51153901507,0.0013
2018,51770002100,0.0029
2019,51810043800,0.0013
2019,51800075701,0.0011
2019,51165010700,0.0017
2019,51760041400,0.0044
2019,51087201601,0.0022
2019,51105950100,5e-04
2018,51153901011,0.0024
2019,51117930600,0.0011
2019,51003010903,0.0067
2019,51153901223,0.002
2019,51740212500,0.0025
2019,51019030602,0.0035
2018,51600300100,0.0021
2018,51059481105,0.002
2019,51099040200,7e-04
2018,51810044402,0.0021
2019,51085320803,0.0032
2018,51770003100,0.0029
2019,51650012100,0.0023
2018,51087200906,0.0029
2018,51173030302,0.0024
2018,51003010903,0.0031
2018,51161030500,0.0028
2019,51173030701,0.002
2018,51139030100,0.0015
2018,51570830200,0.0029
2018,51073100203,0.002
2019,51173030100,0.0021
2019,51183870300,5e-04
2019,51085321002,0.0029
2019,51670820100,0.0016
2019,51059431600,0.0026
2019,51107611014,0.0015
2019,51700031500,0.0025
2019,51059420503,0.0022
2018,51153900904,0.0023
2018,51760020200,0.0029
2018,51059440800,0.0022
2019,51063920102,0.001
2018,51710006902,0.0021
2018,51650011500,0.0025
2019,51117930800,8e-04
2019,51550021011,0.0017
2019,51059491703,0.0028
2019,51740210400,0.0029
2018,51690000100,0.0028
2019,51087201701,0.003
2019,51059420502,0.0022
2018,51810042201,0.0021
2019,51800075403,0.0013
2019,51013102400,0.0022
2018,51041101012,0.0028
2019,51041100509,0.0019
2018,51059482203,0.002
2019,51153901303,0.0016
2019,51059421702,0.0021
2018,51710001700,0.0024
2019,51109950400,4e-04
2018,51041101003,0.0031
2019,51620090200,0.0014
2019,51085321201,0.0031
2019,51153901219,0.0018
2019,51155210400,0.0015
2018,51085321100,0.0028
2019,51101950200,7e-04
2019,51153900300,0.0017
2019,51650011500,0.0029
2019,51179010207,0.0015
2018,51550020905,0.0022
2018,51035080200,0.0019
2018,51177020405,0.0026
2018,51087200503,0.0028
2019,51187020400,0.0016
2018,51059491602,0.0021
2018,51179010301,0.0023
2019,51013102200,0.0025
2018,51059421400,0.0022
2019,51790000300,0.002
2018,51059491705,0.0022
2018,51105950500,9e-04
2018,51107611208,0.002
2019,51059491405,0.0023
2018,51059481701,0.002
2018,51041100407,0.0029
2018,51810045807,0.0021
2019,51740213001,0.0031
2018,51660000206,0.0031
2019,51710005000,0.0028
2019,51173030200,0.0024
2019,51001090700,0.0019
2019,51179010206,0.0015
2018,51015071000,0.003
2018,51087201601,0.0031
2018,51013101402,0.002
2019,51710005100,0.0029
2018,51153901229,0.0024
2018,51059491501,0.0022
2018,51810045423,0.0021
2019,51810045426,0.0012
2019,51059482602,0.0026
2018,51181860200,0.0021
2019,51163930400,0.0015
2019,51810045421,0.0015
2018,51199050500,0.0026
2019,51107611300,0.0021
2019,51059421800,0.002
2019,51059461202,0.0029
2019,51153900904,0.001
2019,51650011300,0.0028
2019,51810046212,0.0022
2019,51700031701,0.0025
2019,51041101010,0.0019
2019,51710000201,0.0027
2018,51770001100,0.003
2019,51031020300,0.0032
2019,51035080400,0.0026
2018,51179010405,0.0017
2018,51700032007,0.0025
2018,51085320400,0.003
2019,51059480201,0.0026
2019,51069051101,0.0026
2019,51059421103,0.0022
2019,51810040404,0.0025
2019,51085320100,5e-04
2018,51185020400,0.0022
2018,51730810300,0.0031
2019,51087200107,0.004
2018,51149850302,0.003
2019,51165010100,9e-04
2018,51790000600,0.0031
2018,51540000900,0.0031
2019,51153900600,0.0015
2018,51550021005,0.0022
2019,51073100500,0.0018
2018,51600300400,0.0022
2019,51131990100,0.0016
2018,51740212600,0.0023
2018,51177020205,0.0013
2018,51041100926,0.0028
2018,51059450800,0.0021
2019,51800065100,0.0011
2018,51710003000,0.0023
2019,51059415100,0.0021
2018,51059421102,0.0022
2019,51650010601,0.0027
2018,51700032117,0.0025
2019,51590001400,0.0032
2018,51179010205,0.0023
2018,51143011001,0.0017
2019,51007930200,4e-04
2019,51810046011,0.0022
2018,51059440600,0.0022
2019,51510201600,0.0021
2019,51141030302,0.001
2019,51155210100,0.0027
2018,51153901510,0.0029
2018,51510201500,0.002
2019,51730810400,0.0014
2018,51059450500,0.002
2018,51710006603,0.0023
2018,51177020307,9e-04
2019,51760020300,0.004
2019,51195930700,0.002
2019,51107611802,0.0018
2019,51810045423,0.0014
2018,51185021000,0.0023
2019,51195930800,0.0023
2018,51165011100,0.0013
2018,51013103502,0.0019
2019,51083930201,0.001
2018,51075400400,0.0046
2018,51800075402,0.0024
2019,51175200300,8e-04
2018,51195930900,0.0017
2018,51650010800,0.0025
2018,51760070900,0.0028
2019,51043010100,0.0017
2019,51550020001,0.0029
2019,51085320900,0.0032
2018,51185020700,0.0023
2018,51810046016,0.0021
2019,51061930100,7e-04
2018,51013100800,0.002
2019,51041100208,0.0036
2018,51107611012,0.0025
2019,51059481702,0.0028
2018,51710005903,0.0022
2018,51710006606,0.0023
2019,51143011002,0.0025
2019,51059480901,0.0023
2018,51107610506,0.0025
2019,51670820500,0.0016
2019,51690000400,0.0016
2019,51107610601,0.001
2019,51059422301,0.0025
2019,51059440702,0.0029
2019,51153901232,0.0018
2019,51101950101,0.0011
2019,51087200112,0.0038
2018,51059431801,0.0022
2018,51710002400,0.0024
2019,51047930300,0.0016
2019,51185020800,0.0021
2019,51059421101,0.0025
2018,51059481500,0.002
2018,51067020700,0.0038
2018,51041100205,0.0028
2019,51153901408,0.0016
2019,51067020200,0.0013
2019,51810046211,0.0023
2018,51087201501,0.003
2019,51177020311,0.0016
2018,51019030104,0.0028
2018,51810045412,0.002
2018,51760071100,0.0027
2018,51059452700,0.002
2019,51510200500,0.0024
2019,51770001200,0.0048
2019,51650010200,0.0023
2019,51710006606,0.0029
2019,51740211800,0.0027
2019,51059482100,0.0025
2018,51800075502,0.0024
2019,51700031602,0.0025
2019,51683910301,0.0018
2018,51760050300,0.0027
2019,51155210300,0.0016
2018,51061930705,0.0025
2018,51173030500,0.0024
2019,51059491602,0.0025
2018,51001990100,8e-04
2018,51510200105,0.002
2018,51085321202,0.0029
2018,51550021200,0.0021
2018,51161030802,0.0029
2019,51005080202,0.0018
2019,51109950201,5e-04
2018,51810045000,0.0021
2018,51193010300,7e-04
2018,51153901224,0.0023
2019,51177020106,0.002
2019,51155210202,0.0014
2019,51810045417,0.0015
2018,51167030500,0.0025
2018,51087200126,0.0027
2019,51165011700,0.0028
2018,51730811200,0.0031
2018,51059481000,0.002
2019,51059451300,0.0029
2018,51680000801,0.0017
2018,51013100500,0.002
2018,51197050402,0.0023
2019,51041100915,0.0035
2019,51059461000,0.0029
2018,51011040100,0.0018
2018,51153901232,0.0024
2019,51107611101,0.0015
2019,51059420800,0.0023
2018,51510200701,0.002
2019,51760041200,0.0044
2018,51085320804,0.0029
2019,51149850302,0.0011
2019,51013102702,0.0023
2018,51093280103,0.0025
2018,51059415600,0.0021
2019,51031020800,0.0011
2018,51033030300,0.0028
2018,51083930400,0.0017
2019,51700032400,0.0024
2018,51073100100,0.0012
2019,51600300400,0.0029
2019,51680001400,0.0033
2018,51650010310,0.0025
2018,51760030200,0.0028
2019,51087201602,0.003
2018,51810045406,0.0021
2019,51013101601,0.0021
2019,51031020401,0.0029
2018,51013101803,0.002
2019,51177020112,0.0021
2019,51195931000,0.0032
2019,51740213101,0.0031
2018,51019030401,0.0036
2019,51027010200,0.001
2019,51059430400,0.0029
2018,51660000204,0.0031
2018,51760050100,0.0027
2018,51059980100,0.0023
2019,51107611002,0.0014
2018,51740213101,0.0024
2019,51013102802,0.0023
2019,51019030201,0.0024
2019,51750010102,0.0026
2018,51107610702,0.0024
2018,51173030702,0.0022
2018,51067020500,0.0029
2019,51153901701,0.0016
2019,51177020108,0.0023
2019,51121021400,0.0026
2018,51117930400,0.0011
2019,51770000300,0.0046
2018,51183870400,0.002
2019,51059452200,0.0029
2019,51710001500,0.003
2018,51107611802,0.0024
2019,51087200202,0.004
2019,51760010200,0.0044
2018,51760040200,0.0028
2018,51059492201,0.0023
2018,51650012000,0.0025
2019,51700032002,0.0023
2019,51149850200,0.0014
2018,51510200702,0.002
2018,51710001600,0.0024
2018,51041100919,0.0028
2019,51163930100,0.0015
2019,51760060200,0.0042
2019,51013102901,0.0023
2018,51117930500,8e-04
2019,51650010400,0.0029
2019,51101950300,7e-04
2018,51179010213,0.0023
2018,51059471301,0.002
2018,51083930500,0.0016
2018,51059490103,0.0021
2019,51059491402,0.0023
2018,51155210500,0.0024
2018,51540000202,0.0031
2018,51041100806,0.0028
2019,51013103503,0.0021
2018,51059461100,0.002
2018,51051040400,0.0024
2018,51199050900,0.0023
2018,51510201801,0.0019
2018,51037930100,0.0023
2019,51165010800,0.0014
2019,51760041100,0.0044
2019,51760020900,0.004
2019,51003010500,0.0068
2019,51089010900,0.0013
2018,51760041000,0.0027
2018,51013101401,0.002
2019,51153901304,0.0015
2019,51125950100,4e-04
2018,51059480300,0.002
2019,51600300500,0.003
2018,51770002200,0.0028
2019,51059421300,0.0022
2018,51550021501,0.0023
2018,51003011201,0.0031
2018,51059421702,0.0022
2019,51013102500,0.0022
2018,51770002900,0.003
2019,51179010106,0.0018
2018,51660000203,0.0031
2018,51059430101,0.0022
2019,51179010404,0.0022
2018,51047930502,0.0025
2019,51710005800,0.0031
2018,51710001500,0.0024
2019,51710002800,0.003
2019,51087200301,0.0044
2019,51085320702,0.0018
2018,51810041802,0.0022
2018,51139030500,0.0032
2018,51059470800,0.002
2018,51680000900,0.0018
2018,51520020400,0.0023
2019,51087200123,0.0035
2018,51800075301,0.0025
2018,51740213001,0.0024
2019,51059460502,0.0028
2019,51680000801,0.0034
2019,51121021100,0.0028
2019,51059491502,0.0025
2018,51059480402,0.002
2018,51550021006,0.0021
2019,51710002700,0.003
2019,51117930500,0.001
2018,51570830400,0.0031
2019,51023040502,0.0032
2018,51001090600,0.001
2018,51019050100,0.0036
2018,51107611014,0.0026
2018,51161030203,0.0029
2018,51059450300,0.002
2019,51810042801,0.0022
2018,51775010502,0.0028
2019,51143010200,8e-04
2019,51083930302,0.0013
2018,51107611101,0.002
2019,51059481500,0.0029
2018,51193010400,9e-04
2018,51735340300,0.0026
2018,51025930203,7e-04
2018,51059480202,0.002
2019,51119951000,0.0019
2019,51059451000,0.003
2019,51059492203,0.0024
2019,51059980100,0.0025
2018,51023040501,0.0038
2019,51036600200,6e-04
2018,51630000400,0.0012
2018,51133020300,9e-04
2019,51510201801,0.0021
2019,51670820600,0.0016
2019,51059471303,0.0029
2019,51660000102,0.0024
2019,51087200404,0.0044
2018,51157950200,0.0012
2018,51059430802,0.0022
2019,51143011100,0.0025
2018,51590000400,0.0017
2018,51710002300,0.0024
2019,51059471202,0.0027
2018,51075400200,0.0028
2018,51085320805,0.0029
2018,51085320200,0.003
2018,51680001900,0.0018
2018,51810044401,0.0021
2018,51600300200,0.0021
2019,51760050300,0.0044
2018,51107611501,0.002
2019,51153900410,0.0013
2019,51023040200,2e-04
2019,51115951300,0.0013
2019,51053840500,0.0011
2018,51059440300,0.0021
2019,51061930705,9e-04
2019,51153901506,0.0013
2019,51680001100,0.0034
2018,51013101000,0.002
2019,51059422302,0.0025
2018,51710006800,0.0022
2019,51035080602,0.0015
2018,51036600200,0.0032
2019,51700030400,0.003
2019,51107611013,0.0016
2019,51087201102,0.0039
2019,51013101100,0.0028
2018,51740210400,0.0023
2019,51143010100,7e-04
2019,51059430901,0.0028
2018,51059470400,0.002
2019,51179010201,0.001
2018,51109950500,0.0045
2018,51059480902,0.002
2019,51059480300,0.0025
2018,51059452801,0.002
2018,51089011100,0.0035
2019,51085321402,0.0023
2018,51059480802,0.002
2018,51015070700,0.0031
2018,51680000100,0.0017
2018,51027010700,0.0025
2019,51153900403,0.0014
2019,51095080206,0.002
2019,51770002700,0.0047
2018,51191010601,0.0017
2019,51013100100,0.0028
2019,51107611004,0.0014
2019,51710005500,0.0029
2019,51107611502,0.002
2018,51680001000,0.0017
2019,51710006100,0.0031
2019,51191010401,0.0027
2018,51059491801,0.0022
2019,51550020400,0.0027
2019,51810045424,0.0013
2018,51019030504,0.0035
2018,51810046011,0.0021
2018,51059460501,0.002
2019,51760021100,0.004
2018,51121020500,0.0027
2018,51027010100,9e-04
2019,51041100107,0.0045
2018,51710006100,0.0023
2018,51810045424,0.0021
2018,51510200302,0.002
2019,51550020807,0.0022
2019,51730810300,0.0014
2019,51059431500,0.0026
2018,51059422401,0.0022
2018,51153901409,0.0025
2018,51083930301,0.0015
2018,51770000500,0.0029
2018,51175200500,3e-04
2019,51059452502,0.0027
2018,51700030500,0.0025
2018,51710007002,0.0022
2019,51191010800,0.002
2019,51810046216,0.0021
2018,51193010100,4e-04
2018,51810046225,0.0021
2018,51683910302,0.0024
2019,51810044805,0.0015
2018,51093280400,0.0021
2018,51550020904,0.0022
2019,51019030604,0.0023
2018,51059440502,0.0022
2018,51177020202,0.0011
2018,51153901414,0.0025
2018,51710006901,0.0022
2019,51165011000,5e-04
2019,51199050305,0.0024
2019,51059452600,0.0026
2019,51057950800,0.0019
2019,51710004800,0.0029
2019,51770002200,0.0046
2018,51760020500,0.0029
2018,51700032128,0.0025
2019,51660000203,0.0024
2018,51590001100,0.0016
2018,51013102003,0.002
2019,51107611017,0.0016
2018,51191010700,0.002
2019,51087200805,0.0042
2018,51153901508,0.0027
2019,51083930600,0.0019
2019,51770002900,0.0047
2018,51510200102,0.002
2018,51013101703,0.0019
2018,51027010400,0.0015
2018,51810046013,0.0021
2019,51710002400,0.0031
2018,51041100804,0.0028
2019,51143010400,0.0012
2019,51013103401,0.0022
2018,51187020500,0.0012
2019,51199050500,0.0024
2018,51153901221,0.0023
2019,51085320804,0.0033
2018,51089011200,0.0038
2019,51590000700,0.0032
2019,51177020203,0.0022
2019,51680000300,0.0034
2018,51107611400,0.002
2019,51015070800,0.001
2019,51550020805,0.0022
2018,51085320602,0.0031
2019,51015070500,0.0029
2018,51019030101,0.0028
2019,51093280106,0.002
2018,51143011002,0.0017
2018,51700032224,0.0026
2019,51810046204,0.0027
2018,51155210300,0.0022
2018,51059491102,0.0023
2018,51810042802,0.0021
2019,51059481105,0.0025
2018,51710005500,0.0024
2018,51059431002,0.0023
2019,51650010501,0.003
2019,51810045200,0.0013
2018,51700032130,0.0025
2019,51710001300,0.003
2019,51740213200,0.0029
2018,51173030100,0.0025
2018,51153900403,0.0023
2018,51153900802,0.0023
2018,51087200124,0.0028
2019,51810040801,0.0024
2018,51041100208,0.0028
2019,51061930206,0.001
2019,51810042202,0.0021
2018,51670820300,0.0029
2018,51163930300,0.0029
2019,51670820700,0.0015
2019,51760070100,0.004
2018,51059491000,0.0024
2018,51179010212,0.0023
2018,51183870100,6e-04
2019,51171040700,0.0013
2018,51059440702,0.0022
2019,51153900901,0.0011
2019,51185020700,0.0029
2018,51740210200,0.0023
2019,51041100407,0.0031
2019,51087200414,0.0037
2018,51087200802,0.0028
2019,51700032001,0.0024
2018,51059491803,0.0021
2018,51099040100,0.0017
2018,51199050306,0.0026
2018,51810041004,0.0021
2018,51031020403,0.0029
2019,51059420300,0.0024
2018,51059481400,0.002
2019,51135000100,6e-04
2018,51059422000,0.0023
2018,51163930100,0.0023
2019,51107610604,0.0012
2018,51810041200,0.0022
2018,51059480401,0.002
2019,51107611803,0.0018
2019,51700032127,0.0025
2019,51059420501,0.0021
2018,51059482001,0.002
2018,51195931000,0.0015
2019,51087201404,0.0023
2018,51161030900,0.0029
2018,51091970100,0.0011
2018,51027010200,8e-04
2019,51089010500,0.0014
2019,51059482504,0.0026
2019,51001090600,0.0019
2019,51650010900,0.0027
2018,51171040202,8e-04
2019,51041101011,0.0019
2019,51051040200,0.001
2018,51153901417,0.0025
2019,51059420201,0.0026
2019,51760070801,0.0042
2019,51710006400,0.0029
2019,51660000207,0.0024
2018,51059432401,0.0023
2018,51059481106,0.002
2018,51041100929,0.0028
2018,51107611023,0.0026
2018,51510200406,0.0021
2018,51590001302,0.0016
2019,51107611400,0.0022
2018,51800075404,0.0023
2018,51179010502,0.0012
2018,51195931500,0.0021
2018,51059420800,0.0021
2018,51077060300,0.0022
2018,51710980200,0.0022
2019,51077060101,0.0026
2019,51059491201,0.0024
2018,51810046217,0.0021
2019,51059471100,0.0028
2018,51177020403,0.0024
2018,51087200410,0.0028
2019,51087200906,0.0037
2019,51041100818,0.0035
2019,51710002900,0.003
2018,51161031101,0.0033
2018,51087200122,0.0028
2018,51740212900,0.0023
2019,51059415401,0.0019
2018,51710006502,0.0023
2018,51740211800,0.0023
2019,51770000602,0.0043
2018,51810046207,0.0021
2018,51087980100,0.003
2018,51650010309,0.0025
2018,51111930200,0.0011
2019,51041100807,0.0034
2019,51059480903,0.0023
2019,51087200127,0.0038
2019,51840000301,0.0026
2018,51153901227,0.0024
2019,51199050204,0.0024
2019,51077060102,0.0027
2019,51041100600,0.0015
2019,51750010200,0.0026
2018,51800075401,0.0023
2018,51089010700,0.0015
2018,51760041300,0.0028
2018,51041100818,0.0028
2018,51059415100,0.0021
2018,51133020100,5e-04
2019,51107611204,0.0019
2019,51041100922,0.0036
2018,51095080301,0.0028
2018,51111930100,9e-04
2019,51073100203,0.0016
2018,51061930303,0.0031
2019,51550021404,0.0025
2018,51041100812,0.0028
2019,51083930400,0.0015
2018,51197050200,0.002
2019,51069050803,0.0029
2018,51059471402,0.002
2018,51007930100,0.0029
2019,51059460900,0.0028
2019,51710006000,0.003
2019,51139030300,0.0013
2019,51810046005,0.0022
2019,51153901505,0.0014
2019,51031020403,0.0025
2018,51109950400,0.0032
2019,51087200804,0.0042
2019,51600300100,0.0029
2018,51167030100,0.0025
2018,51087200106,0.0028
2019,51149850400,8e-04
2019,51041100205,0.0037
2018,51087200411,0.0028
2018,51750010101,0.0037
2019,51061930401,0.0011
2019,51059416200,0.0019
2019,51710002100,0.0031
2019,51810046009,0.0024
2018,51179010201,0.0024
2018,51167030401,0.0026
2018,51107611202,0.002
2018,51023040100,0.0031
2018,51183870300,0.0023
2018,51153901211,0.0024
2018,51061930402,0.0028
2019,51059440201,0.003
2018,51510202001,0.0019
2018,51181860100,0.0021
2018,51550020100,0.0022
2019,51810041400,0.0024
2019,51027010300,0.0014
2018,51031020101,0.0019
2018,51550020903,0.0022
2019,51059430802,0.0028
2019,51143011001,0.0025
2019,51179010205,0.0016
2019,51059431002,0.0028
2019,51161031202,0.0042
2018,51197050100,0.0022
2018,51119951200,0.0016
2019,51011040100,9e-04
2018,51023040502,0.0039
2018,51179010211,0.0023
2018,51117930102,6e-04
2019,51059480502,0.0022
2019,51760070602,0.0044
2019,51059491803,0.0026
2019,51710001100,0.0031
2019,51143010600,7e-04
2019,51009010100,0.0014
2018,51700031300,0.0025
2018,51059422403,0.0022
2018,51013100100,0.002
2018,51075400100,0.0028
2019,51153901012,0.0011
2019,51171040400,0.0015
2019,51147930201,0.0021
2019,51075400500,4e-04
2019,51059461802,0.003
2019,51005080100,0.0024
2018,51059451501,0.002
2019,51810044807,0.0015
2018,51013102100,0.002
2019,51700031601,0.0025
2019,51005080302,8e-04
2019,51153900201,0.0016
2019,51059430101,0.0029
2019,51191010402,0.0032
2018,51087201404,0.0031
2019,51059421001,0.0025
2019,51550020809,0.0027
2019,51750010101,0.0025
2019,51510201400,0.0022
2019,51009010200,0.0021
2019,51027010500,0.0014
2019,51019030101,0.0025
2019,51145500400,4e-04
2018,51700031901,0.0025
2019,51730810700,0.0014
2019,51143010900,0.0024
2019,51680001700,0.0034
2019,51760060600,0.0045
2019,51037930200,5e-04
2019,51041100821,0.0022
2018,51141030100,0.0033
2018,51087200502,0.0028
2018,51165010800,0.0015
2019,51810046213,0.0022
2018,51059440701,0.0022
2019,51059471301,0.0028
2019,51173030400,0.0018
2019,51059415402,0.0019
2019,51710002200,0.0031
2018,51013103402,0.0019
2019,51059440100,0.003
2019,51031020600,0.0012
2018,51590001400,0.0017
2019,51059480902,0.0023
2018,51153900202,0.0023
2019,51031020700,0.001
2019,51036600100,0.0011
2018,51013102200,0.002
2018,51013980200,0.0019
2019,51061930207,0.0011
2019,51079030200,0.0022
2018,51041101013,0.0028
2019,51013102100,0.0025
2018,51059471303,0.002
2019,51710002600,0.003
2019,51093280101,0.0016
2018,51087200600,0.0028
2018,51167030402,0.0023
2018,51810040600,0.0021
2018,51117930700,8e-04
2019,51510201300,0.0021
2018,51810045808,0.0021
2019,51740211700,0.0026
2018,51013102701,0.002
2018,51059460400,0.002
2018,51169030500,0.002
2019,51700032212,0.0024
2019,51760070601,0.0044
2018,51087200801,0.0028
2018,51013101601,0.0019
2018,51177020111,0.001
2019,51013101200,0.0027
2018,51800075702,0.0023
2019,51067020900,7e-04
2019,51810041002,0.0023
2019,51153901203,0.0015
2018,51590000900,0.0016
2019,51085321100,0.0038
2018,51580060200,0.0022
2018,51049930100,0.0033
2018,51085320803,0.0029
2018,51680000300,0.0017
2018,51033030100,0.0015
2019,51059415500,0.0018
2018,51510200500,0.002
2018,51810042600,0.0021
2018,51187020700,0.0011
2019,51059452000,0.0027
2019,51810043002,0.0016
2019,51660000302,0.0023
2019,51013101000,0.0028
2018,51003010800,0.0031
2019,51099040500,5e-04
2019,51810046219,0.0022
2018,51810045809,0.0021
2018,51141030301,7e-04
2019,51041101003,0.0011
2019,51041100510,0.0018
2018,51059470900,0.002
2019,51059471000,0.0028
2018,51710000100,0.0024
2019,51770002300,0.0046
2019,51700032117,0.0025
2019,51073100202,0.002
2019,51177020204,0.0022
2018,51059491302,0.0023
2019,51089010700,0.0012
2018,51087200700,0.0028
2019,51810046224,0.0022
2019,51047930101,0.0015
2019,51003011400,0.0019
2018,51059460701,0.002
2019,51610500200,0.0029
2019,51003010700,0.0068
2019,51067020700,0.001
2018,51143010300,0.0047
2018,51079030102,0.0031
2018,51155210600,0.0028
2019,51059421200,0.0023
2019,51800075302,0.0016
2018,51041100300,0.0028
2018,51570830500,0.0031
2018,51810043004,0.0021
2019,51650011100,0.0029
2018,51077060201,0.0014
2019,51041100505,0.0024
2018,51043010200,0.0013
2018,51061930401,0.0026
2018,51155210201,0.002
2018,51153900300,0.0023
2018,51047930300,0.0013
2018,51059451400,0.002
2019,51105950600,0
2018,51159040100,5e-04
2018,51071930300,0.0014
2018,51093280101,0.0025
2019,51760041000,0.0044
2018,51107611900,0.0024
2018,51540000201,0.0031
2018,51710004600,0.0023
2019,51550021004,0.0012
2019,51153901504,0.0014
2019,51700030500,0.003
2018,51185020100,0.0015
2019,51041100506,0.002
2019,51025930100,7e-04
2019,51059432401,0.0028
2019,51085320400,0.0024
2019,51073100201,0.0018
2019,51810045809,0.0022
2018,51840000301,0.001
2019,51139030200,0.0015
2018,51087200407,0.0028
2019,51810046223,0.0023
2018,51121020400,0.0027
2018,51121020900,0.003
2018,51041100932,0.0028
2019,51153900701,0.0013
2018,51031020200,0.0017
2019,51550020808,0.0028
2018,51195930700,0.0014
2019,51059430201,0.003
2019,51145500102,0.0011
2019,51153901602,0.0017
2018,51059471202,0.002
2019,51810045603,0.0023
2018,51740211700,0.0023
2018,51041100821,0.0028
2019,51023040401,0.002
2019,51059482302,0.0025
2018,51187020602,0.0013
2018,51700032132,0.0026
2018,51810044808,0.0021
2018,51107610601,0.0025
2018,51820003200,0.0032
2019,51810045000,0.0015
2019,51107611010,0.0013
2019,51059492400,0.0022
2019,51740212400,0.0026
2019,51067020102,7e-04
2018,51005080201,7e-04
2018,51031020500,0.0018
2018,51760070300,0.0027
2019,51059461902,0.003
2018,51087200412,0.0028
2018,51700032123,0.0026
2018,51830370300,0.0022
2018,51121021400,0.003
2018,51550021402,0.0022
2019,51199050206,0.0024
2019,51510200107,0.0023
2019,51153900501,0.0015
2018,51059491702,0.0021
2019,51550021006,0.0016
2018,51199050402,0.0026
2018,51041100509,0.003
2018,51810045405,0.0021
2019,51760050600,0.0045
2018,51650010307,0.0025
2018,51057950600,0.0022
2019,51810046222,0.0022
2018,51740210600,0.0023
2019,51177020105,0.0017
2019,51800075502,0.0019
2018,51013101801,0.002
2018,51087200905,0.0029
2019,51710006601,0.003
2019,51740212300,0.0025
2018,51027010600,0.0021
2019,51041101013,0.002
2019,51800065500,0.001
2018,51087200301,0.0027
2019,51650010702,0.0023
2019,51127700100,0.0011
2019,51059421500,0.002
2018,51059430400,0.0022
2019,51710003400,0.0031
2018,51760060500,0.0028
2019,51013101403,0.0024
2018,51710002500,0.0024
2019,51107611102,0.0017
2018,51510200201,0.002
2018,51001090100,7e-04
2018,51107610101,0.0019
2019,51165010600,0.0021
2019,51169030400,0.0016
2018,51770001200,0.003
2018,51179010210,0.0023
2019,51810043003,0.0019
2018,51690000300,0.0023
2018,51067020800,0.0038
2018,51107611804,0.0022
2018,51760070400,0.0027
2018,51700031200,0.0025
2018,51510201202,0.0019
2019,51101950102,8e-04
2018,51153900701,0.0023
2019,51630000302,0.0023
2019,51059491705,0.0026
2019,51179010304,0.0021
2018,51031020401,0.0025
2018,51019030300,0.0036
2019,51059492000,0.0027
2019,51161031101,0.0043
2018,51153901234,0.0024
2018,51127700100,0.0031
2019,51057950600,0.0014
2019,51510200701,0.0023
2019,51760050500,0.0045
2018,51059480503,0.002
2019,51107611005,0.0016
2019,51003010601,0.0068
2019,51650010312,0.0027
2018,51650011800,0.0024
2018,51069050300,7e-04
2019,51740211500,0.0027
2019,51059422201,0.0022
2018,51021040100,0.0022
2019,51179010503,0.0021
2019,51550020804,0.002
2019,51059415600,0.0017
2019,51059480501,0.0022
2019,51067020300,0.0029
2018,51153901231,0.0024
2019,51183870201,5e-04
2018,51175200100,0.002
2018,51740213103,0.0024
2019,51740212600,0.0026
2018,51179010406,0.0015
2018,51750010102,0.0036
2018,51063920200,0.0034
2018,51191010900,0.0015
2019,51053840400,0.0014
2018,51199050204,0.0025
2019,51061930707,0.0013
2019,51059460200,0.0029
2018,51107610201,0.0021
2018,51081880200,5e-04
2019,51177020113,0.0017
2019,51700032225,0.0024
2018,51540001000,0.0031
2018,51001090800,0.001
2019,51187020700,0.0011
2018,51660000402,0.0031
2018,51650010103,0.0025
2018,51059430700,0.0022
2019,51005070100,0.0026
2019,51153900202,0.0016
2018,51161030701,0.003
2018,51065020101,0.0022
2019,51059471304,0.0029
2019,51640070102,0.0031
2019,51087200122,0.0037
2018,51167030200,0.0026
2018,51510200600,0.002
2019,51153900409,0.0014
2018,51031020300,0.0027
2019,51029930101,8e-04
2018,51197050401,0.002
2019,51041100702,0.0017
2018,51770000300,0.0028
2018,51700031702,0.0025
2019,51059490101,0.0024
2018,51089010601,0.0015
2019,51003011302,0.0068
2018,51550021101,0.0021
2018,51153901212,0.0024
2019,51059481701,0.0027
2018,51185020200,0.0013
2018,51700030400,0.0025
2018,51059440100,0.0021
2019,51177020110,0.0023
2019,51195931100,0.0024
2018,51059491103,0.0023
2019,51059452501,0.0027
2018,51177020306,0.001
2018,51107611004,0.0025
2019,51013103100,0.0022
2019,51155980200,0.0018
2019,51099040300,0.0015
2018,51810040801,0.0021
2018,51700032002,0.0025
2019,51133020200,0.0013
2018,51033030201,0.0029
2018,51153900203,0.0023
2019,51003011301,0.0047
2019,51700030800,0.003
2019,51740210300,0.0028
2018,51730810900,0.0031
2018,51540000302,0.0031
2018,51059421101,0.0022
2018,51059415200,0.0021
2019,51730810100,0.0014
2018,51171040400,0.0014
2019,51700030100,0.0029
2018,51121021500,0.0036
2018,51187020200,0.0011
2018,51041100807,0.0028
2019,51013101702,0.0021
2018,51059420400,0.002
2019,51013102001,0.0024
2018,51061930707,0.002
2019,51019030103,0.0032
2018,51051040200,0.0015
2019,51059471402,0.003
2018,51121020100,0.0028
2019,51590001100,0.0032
2019,51095080303,0.0019
2018,51760030500,0.0028
2018,51099040500,9e-04
2018,51550020906,0.0022
2019,51510200301,0.0025
2019,51580060200,0.0025
2018,51013102702,0.002
2018,51143010900,0.0017
2018,51710002600,0.0024
2018,51095080304,0.0028
2019,51107611806,0.0017
2019,51760021000,0.0039
2018,51059461802,0.0021
2019,51199051000,0.0024
2018,51650010312,0.0025
2019,51059422402,0.0025
2018,51590000300,0.0017
2018,51177020404,0.0027
2018,51510200407,0.0021
2018,51830370100,0.0023
2019,51740213104,0.0032
2019,51161030100,0.0035
2019,51790000500,0.0026
2018,51179010404,0.0017
2018,51147930202,0.0018
2019,51800075204,0.0023
2018,51590000500,0.0016
2018,51059460502,0.002
2019,51153900702,0.0013
2018,51095080303,0.0022
2019,51700032124,0.0024
2019,51041100409,0.0029
2018,51059452000,0.0021
2019,51059482002,0.0023
2019,51059416300,0.0016
2019,51059420400,0.0022
2018,51001090500,0.001
2019,51093280200,8e-04
2019,51041100823,0.003
2019,51520020200,0.0015
2018,51003010500,0.0031
2018,51003010601,0.0031
2018,51061930706,0.0022
2018,51059492300,0.0023
2019,51035080300,0.0033
2019,51059430700,0.0028
2018,51510201100,0.002
2019,51087200503,0.0039
2018,51760020100,0.0028
2019,51199050203,0.0025
2018,51149850400,0.0033
2018,51810045428,0.0021
2018,51680000600,0.0017
2019,51683910302,0.0018
2018,51107611204,0.002
2019,51107611804,0.0019
2018,51650011600,0.0024
2019,51193010100,7e-04
2018,51710002000,0.0023
2018,51153900901,0.0024
2019,51590000300,0.0032
2018,51800075203,0.0024
2018,51800075405,0.0024
2019,51740211100,0.0028
2018,51710000800,0.0024
2018,51700032126,0.0025
2018,51003011100,0.0031
2019,51790000400,0.0022
2018,51650011100,0.0024
2019,51161031102,0.0044
2019,51001090200,9e-04
2019,51041100403,0.0027
2019,51590000900,0.0032
2019,51095080101,0.0023
2018,51550020400,0.0022
2019,51073100100,0.0018
2019,51165012000,0.0021
2018,51107611803,0.0022
2019,51183870400,7e-04
2019,51087200600,0.0043
2018,51059416200,0.0023
2019,51107610300,7e-04
2019,51550021200,7e-04
2018,51013103601,0.0019
2018,51740212400,0.0023
2019,51650010307,0.0025
2018,51137110200,0.0025
2019,51059460501,0.0028
2018,51153901403,0.0025
2018,51540000700,0.0031
2019,51089011200,0.0015
2018,51173030200,0.0023
2019,51087200411,0.0038
2019,51059422202,0.002
2019,51770002600,0.0048
2018,51059491101,0.0023
2019,51141030100,9e-04
2018,51760020300,0.0029
2019,51143010802,0.0025
2019,51760020800,0.0041
2019,51810045803,0.0023
2019,51550020600,0.0026
2018,51069050801,0.001
2018,51059460800,0.002
2018,51101950102,0.0031
2018,51109950201,0.003
2019,51760040700,0.0044
2018,51059482501,0.002
2018,51710000400,0.0024
2018,51760010600,0.0028
2018,51147930100,9e-04
2019,51013100400,0.0022
2019,51059480801,0.0023
2018,51059431300,0.0023
2018,51107611016,0.0023
2019,51590000100,0.0032
2019,51760010401,0.0044
2019,51013100700,0.0026
2018,51059420503,0.0021
2019,51059481104,0.0024
2019,51155210500,0.0014
2019,51087201001,0.0039
2018,51179010106,0.0022
2019,51111930100,0.0017
2018,51065020300,0.0026
2018,51700032400,0.0025
2019,51730811300,0.0014
2019,51179010502,0.0023
2018,51810046212,0.0021
2018,51141030200,0.0015
2019,51670980100,0.0015
2019,51153901503,0.0015
2018,51683910301,0.0024
2019,51149850502,0.0012
2018,51590001200,0.0016
2019,51059481101,0.0023
2018,51187020300,0.001
2018,51107611009,0.0025
2019,51790000600,0.0025
2018,51145500102,0.0031
2018,51041100507,0.0029
2018,51059980300,0.002
2019,51800075203,0.0021
2018,51059482100,0.002
2019,51021040200,0.0028
2018,51157950100,0.0012
2018,51053840200,0.003
2019,51061930703,0.001
2019,51187020602,0.0012
2019,51069050500,0.0025
2018,51059452502,0.0021
2019,51700031300,0.003
2018,51153901505,0.0029
2019,51570830300,0.0018
2019,51107610507,0.0012
2018,51041100912,0.0028
2019,51810044003,0.0013
2018,51063920102,0.0032
2019,51153901412,0.0013
2019,51121020900,0.0024
2019,51700031800,0.0025
2018,51179010103,0.0023
2018,51107611300,0.002
2018,51045050100,0.0027
2018,51037930300,0.0011
2019,51119951200,0.0019
2018,51087200121,0.0028
2019,51680000203,0.0035
2019,51740211600,0.0029
2019,51510200201,0.0023
2019,51025930202,8e-04
2019,51041101012,0.002
2019,51085321401,0.0016
2018,51540000502,0.003
2018,51191010501,0.0022
2018,51650010200,0.0025
2018,51760010700,0.0028
2019,51173030600,0.0018
2019,51085321001,0.0032
2018,51740212100,0.0023
2019,51840000201,0.0025
2018,51680000700,0.0017
2019,51810045427,0.0011
2018,51810046224,0.0021
2019,51510200406,0.0026
2018,51013101900,0.002
2018,51510200106,0.002
2019,51195931200,0.0024
2019,51059421701,0.002
2019,51059421102,0.0025
2018,51670820100,0.0029
2018,51700030600,0.0025
2019,51059470600,0.0027
2018,51075400300,0.003
2018,51650010311,0.0025
2018,51059492100,0.0023
2019,51059480100,0.0022
2018,51107611015,0.0022
2019,51087200903,0.0036
2018,51137110300,0.0028
2018,51057950700,0.0017
2019,51059432202,0.003
2018,51035080100,0.0018
2018,51107611502,0.002
2019,51810045425,0.0013
2018,51059491502,0.0022
2018,51059460900,0.002
2019,51085321403,0.0012
2019,51061930403,9e-04
2019,51089010800,0.0017
2019,51730810600,0.0014
2019,51087200201,0.004
2019,51059461801,0.003
2018,51001090200,8e-04
2019,51105950400,1e-04
2019,51013103800,0.0022
2018,51173030600,0.0025
2019,51800075803,0.0011
2018,51165011000,9e-04
2018,51121020600,0.0027
2018,51700030100,0.0025
2018,51143011100,0.0014
2018,51059491401,0.0022
2019,51510201000,0.0022
2018,51195931700,0.0024
2018,51770000601,0.003
2018,51600300500,0.0022
2018,51041100206,0.0028
2018,51710007001,0.0022
2019,51153901209,0.0017
2019,51810046225,0.0021
2019,51173030302,0.0021
2018,51053980100,0.0017
2018,51153900410,0.0023
2018,51059420502,0.002
2018,51810046009,0.0021
2019,51107611209,0.0018
2018,51770002600,0.003
2019,51760010300,0.0043
2019,51810045808,0.0023
2019,51089011100,0.0016
2018,51107611805,0.0021
2018,51059450702,0.0021
2019,51700032132,0.0024
2018,51001980200,8e-04
2019,51059430102,0.0029
2019,51161030203,0.0041
2018,51153900409,0.0024
2018,51700031701,0.0025
2019,51087980100,0.0034
2018,51670820500,0.0029
2018,51035080601,0.0012
2019,51680000201,0.0034
2019,51710001200,0.0031
2019,51059481201,0.0024
2018,51810046015,0.0021
2019,51197050200,0.003
2019,51085320801,0.0028
2018,51149850100,0.0029
2019,51059491103,0.0022
2018,51125950200,0.0038
2018,51520020100,0.0019
2018,51107610602,0.0025
2018,51143010802,0.0016
2019,51137110300,0.0021
2018,51680001600,0.0018
2018,51700032223,0.0026
2019,51185020200,0.0031
2018,51810046223,0.0021
2019,51145500200,6e-04
2019,51107611015,0.0015
2019,51015070200,7e-04
2019,51650010306,0.0025
2019,51810046015,0.0019
2019,51059980200,0.0025
2018,51770002800,0.003
2018,51800075601,0.0022
2018,51143011200,0.0017
2018,51069050500,8e-04
2018,51153901226,0.0024
2018,51107611010,0.0025
2018,51161030801,0.003
2019,51065020300,0.0022
2018,51177020407,9e-04
2019,51775010502,0.0041
2019,51059491202,0.0024
2018,51095080401,0.0026
2019,51810040403,0.0024
2019,51740210500,0.0028
2019,51179010213,0.0016
2019,51153900407,0.0014
2019,51087200413,0.0037
2018,51810045417,0.0021
2018,51083930202,0.0016
2019,51510201500,0.0022
2018,51710004100,0.0023
2018,51059421900,0.0023
2018,51013100200,0.002
2019,51760071002,0.0045
2018,51177020108,0.0011
2018,51013103800,0.002
2018,51107611207,0.002
2019,51059480503,0.0022
2019,51683910402,0.0015
2019,51810990100,0
2018,51105950200,0.0011
2018,51059490501,0.0022
2019,51760010700,0.0042
2019,51047930201,0.0015
2018,51087200805,0.0028
2019,51033030600,5e-04
2018,51700032131,0.0026
2018,51510201600,0.0019
2018,51810046400,0.0018
2019,51059480203,0.0028
2018,51179010204,0.0023
2019,51041100804,0.004
2019,51153901008,0.0011
2019,51133020300,0.0015
2019,51800075404,0.0012
2018,51003011303,0.003
2019,51059420203,0.0024
2018,51085321002,0.0029
2018,51059491404,0.0023
2019,51075400100,0.0025
2018,51013101602,0.002
2019,51165010200,0.0011
2019,51087200406,0.0036
2018,51013102302,0.002
2018,51510201400,0.002
2018,51650011900,0.0025
2019,51013103200,0.0022
2018,51059490101,0.0022
2018,51700030800,0.0025
2018,51610500300,0.002
2018,51590000200,0.0017
2019,51159040200,0.0013
2019,51800075405,0.001
2019,51009010401,0.0025
2019,51710006501,0.0027
2018,51089011000,0.0034
2018,51107611025,0.0026
2019,51680001000,0.0034
2018,51760020800,0.0029
2018,51139030300,0.0013
2018,51730810500,0.003
2018,51109950100,0.0047
2019,51073100302,0.0024
2019,51840000202,0.0025
2018,51059432702,0.0023
2019,51165010500,0.0023
2018,51059430102,0.0022
2019,51810045405,0.0022
2019,51137110200,0.0011
2019,51059422401,0.0025
2019,51690000200,0.0016
2019,51065020101,0.0025
2018,51185020600,0.0022
2019,51193010400,4e-04
2018,51107610102,0.0021
2018,51113930200,0.0029
2019,51107611018,0.0017
2018,51630000500,0.0012
2018,51790000300,0.0031
2018,51760050200,0.0027
2019,51810041003,0.0024
2019,51087200904,0.0037
2018,51510200404,0.0021
2019,51033030100,9e-04
2019,51041100924,0.0026
2018,51700032127,0.0025
2018,51187020100,0.0015
2018,51073100202,0.0019
2018,51193010200,6e-04
2018,51161031000,0.0033
2018,51041100920,0.0028
2018,51089010200,0.0032
2019,51049930200,0.0018
2018,51115951400,0.0025
2018,51153901222,0.0023
2018,51079030101,0.0032
2019,51810045807,0.0023
2018,51059451602,0.002
2018,51107611801,0.0026
2018,51107610900,0.0026
2018,51650011000,0.0025
2018,51770002700,0.0031
2019,51107610602,0.0011
2018,51710005601,0.0024
2019,51051040300,0.0016
2018,51177020112,0.001
2019,51163930200,0.0016
2018,51013101802,0.002
2019,51087200106,0.004
2018,51700032226,0.0026
2019,51187020500,0.0016
2019,51165010400,0.002
2019,51810045806,0.0023
2019,51059461500,0.0029
2018,51059420600,0.0021
2019,51059491302,0.0023
2019,51710004900,0.0029
2019,51550021401,0.0023
2018,51810045407,0.0021
2018,51810046014,0.0021
2019,51083930500,0.002
2019,51013103402,0.0021
2018,51683910100,0.0025
2018,51800075201,0.0024
2018,51089010602,0.0015
2018,51590000800,0.0016
2019,51003011303,0.0068
2019,51059460701,0.0028
2019,51710980300,0.0028
2019,51107611900,0.0016
2018,51087200406,0.0029
2018,51680000500,0.0017
2018,51710006501,0.0023
2018,51059420100,0.0022
2018,51059461202,0.0021
2019,51013101602,0.0021
2018,51047930400,0.0013
2018,51510201203,0.0019
2019,51087200119,0.0037
2018,51061930703,0.0017
2018,51700032001,0.0025
2018,51059482502,0.002
2019,51770002800,0.0047
2019,51177020405,5e-04
2019,51059470300,0.0023
2019,51107611021,0.0016
2019,51153901511,0.0013
2019,51095080202,0.0021
2019,51021040100,0.0016
2019,51810041802,0.0023
2018,51185020900,0.002
2019,51041100902,0.004
2019,51165011800,0.0026
2018,51700032124,0.0026
2019,51169030300,0.003
2018,51041100922,0.0028
2018,51610500100,0.002
2019,51179010107,0.0015
2019,51041100507,0.002
2019,51153901411,0.0012
2018,51177020109,0.001
2019,51810046012,0.0022
2019,51810042400,0.0023
2019,51580060100,0.0024
2018,51770000100,0.0028
2019,51510201100,0.0022
2018,51650010104,0.0025
2019,51810046220,0.0026
2019,51530930600,0.0021
2019,51063920200,0.0011
2018,51059422201,0.0023
2019,51650010313,0.0026
2019,51013102801,0.0024
2019,51187020100,0.0015
2018,51087201003,0.0029
2019,51700032211,0.0024
2018,51840000201,9e-04
2019,51013103602,0.0021
2018,51111930300,9e-04
2019,51107611016,0.0015
2019,51013101603,0.0021
2019,51051040100,0.0014
2018,51550021009,0.0021
2018,51680001400,0.0017
2019,51199051100,0.0026
2018,51073100302,0.0022
2018,51059491201,0.0022
2018,51035080300,0.0019
2018,51760010900,0.0028
2018,51003010901,0.0031
2019,51540000502,0.0067
2019,51037930300,7e-04
2019,51013101701,0.0021
2019,51079030101,6e-04
2018,51107611021,0.0026
2018,51075400500,0.0045
2019,51013101802,0.0022
2019,51059490103,0.0024
2019,51810046400,4e-04
2018,51033030600,0.003
2019,51059450200,0.003
2019,51117930400,0.001
2019,51059452400,0.0028
2019,51059491403,0.0025
2018,51153901304,0.0024
2018,51015070600,0.0032
2019,51680001600,0.0033
2018,51760060200,0.0028
2018,51003010602,0.0031
2018,51710005602,0.0024
2018,51019030501,0.0039
2019,51700032128,0.0025
2019,51820003100,0.0025
2018,51161030600,0.003
2019,51153901236,0.0018
2019,51177020310,0.0018
2018,51013103401,0.002
2019,51177020408,0.0015
2019,51183870202,8e-04
2018,51685920100,0.0024
2019,51710003100,0.0031
2018,51087201102,0.003
2018,51710002900,0.0023
2018,51059461801,0.002
2019,51810045601,0.0023
2019,51059482502,0.0025
2019,51059416100,0.0019
2018,51620090100,0.0016
2018,51710004200,0.0023
2019,51153901011,0.0012
2019,51810045414,0.0022
2018,51155980100,0.0033
2019,51157950100,0.001
2019,51061930204,7e-04
2019,51107611009,0.0013
2019,51095080301,0.0017
2019,51059490502,0.0026
2019,51820003400,0.0024
2018,51059450601,0.002
2019,51195931400,0.0034
2019,51001980200,0.0011
2018,51730810600,0.0031
2019,51185021000,0.0019
2019,51700032223,0.0025
2018,51153901410,0.0025
2019,51013101703,0.0021
2019,51179010214,0.0015
2019,51059451602,0.0027
2018,51099040200,0.0015
2019,51167030500,0.0016
2019,51059452700,0.0026
2019,51700032113,0.0025
2018,51153901416,0.0025
2018,51121021200,0.0032
2019,51019030202,0.0013
2018,51810044200,0.0021
2018,51199050304,0.0026
2019,51177020403,8e-04
2019,51069050300,0.0014
2018,51175200400,0.001
2018,51047930102,0.0016
2018,51015071102,0.0031
2018,51710000600,0.0024
2018,51510200107,0.002
2018,51650010900,0.0025
2019,51031020900,6e-04
2019,51800075703,8e-04
2018,51700032113,0.0026
2019,51013101500,0.0022
2019,51059450100,0.003
2019,51073100301,0.0025
2018,51760010200,0.0028
2019,51179010210,0.0016
2018,51191011000,0.0015
2019,51181860100,0.0013
2019,51109950202,4e-04
2019,51810040000,0.0024
2019,51820003200,0.0025
2019,51015071101,0.0025
2019,51153901403,0.0016
2018,51019030503,0.0045
2019,51710000800,0.0029
2018,51087200130,0.0029
2019,51510202001,0.002
2018,51710005902,0.0023
2018,51165011500,0.003
2019,51740212701,0.0027
2019,51153901237,0.0019
2019,51087200410,0.0039
2018,51105950600,1e-04
2018,51153901209,0.0023
2019,51059471401,0.003
2018,51550021013,0.0021
2019,51790000100,0.0024
2018,51650012100,0.0025
2018,51059420201,0.0022
2019,51800065200,0.0012
2019,51015071102,0.0019
2019,51117930200,0.0018
2019,51015070300,0.003
2018,51683910202,0.0024
2019,51041100703,0.0016
2019,51059491802,0.0026
2018,51041100907,0.0028
2019,51191010602,0.0027
2019,51710006602,0.003
2019,51103030300,0.002
2018,51660000205,0.0031
2018,51013101404,0.002
2018,51069050600,9e-04
2019,51107611205,0.002
2018,51550020806,0.0021
2019,51650010103,0.0022
2019,51153901221,0.002
2019,51510201202,0.0022
2018,51510200801,0.002
2018,51059461201,0.002
2019,51760030100,0.0042
2019,51041100106,0.0044
2019,51107611019,0.0016
2018,51059480502,0.002
2018,51760020900,0.0029
2018,51013102002,0.002
2019,51540000700,0.0068
2019,51550020200,0.0027
2019,51650011900,0.003
2018,51800065400,0.0023
2019,51183870100,9e-04
2018,51011040200,0.0019
2019,51810045428,0.0014
2018,51131930100,9e-04
2018,51059422102,0.0023
2019,51760071001,0.0046
2019,51710990000,0.0029
2018,51760010800,0.0028
2018,51059431400,0.0022
2019,51660000402,0.0023
2018,51191010300,0.0025
2018,51800075801,0.002
2019,51013100300,0.0024
2018,51009010504,0.0018
2018,51093280104,0.0025
2019,51760050400,0.0045
2018,51550021010,0.0021
2018,51059421600,0.0022
2019,51179010504,0.0021
2018,51165010300,0.0031
2018,51059451800,0.002
2018,51109950300,0.0024
2018,51041100933,0.0028
2018,51810046211,0.0021
2019,51015070900,0.0022
2018,51087200120,0.0028
2018,51013102902,0.002
2019,51059420700,0.0023
2019,51153901410,0.0015
2019,51143010500,0.0012
2018,51760071002,0.0028
2019,51710001400,0.0031
2018,51041100702,0.003
2019,51029930102,0.001
2019,51107611501,0.0019
2019,51013101803,0.0022
2019,51059451800,0.0027
2019,51059430600,0.0027
2019,51540000600,0.0067
2018,51740211900,0.0023
2019,51540001000,0.0068
2019,51540000302,0.0068
2019,51041101007,0.002
2019,51161030702,0.0047
2018,51710004800,0.0023
2018,51590000100,0.0017
2019,51710006604,0.0026
2019,51041100910,0.0037
2019,51700032005,0.0024
2019,51510200303,0.0025
2019,51059461100,0.0029
2019,51143010300,7e-04
2019,51810046014,0.0021
2018,51730810400,0.0031
2018,51137110103,9e-04
2019,51041100822,0.0022
2019,51041101004,7e-04
2018,51820003500,0.0031
2019,51107611012,0.0014
2019,51119950900,0.0012
2018,51041100924,0.0028
2018,51003011000,0.003
2019,51700032007,0.0024
2019,51760010800,0.0042
2018,51005080202,0.0022
2019,51109950100,2e-04
2019,51043010300,9e-04
2019,51019030401,4e-04
2018,51107611018,0.0021
2019,51550020904,0.0021
2018,51179010107,0.0023
2019,51131930300,0.0017
2019,51089010400,0.0016
2019,51059481102,0.0024
2019,51121020600,0.0026
2018,51710005701,0.0024
2019,51093280103,0.0022
2019,51013103502,0.0021
2019,51087200801,0.0041
2019,51135000200,0.001
2019,51087200108,0.004
2019,51810041004,0.0024
2019,51191010900,0.0019
2018,51680000400,0.0017
2019,51097950500,8e-04
2019,51059492300,0.0025
2018,51041101007,0.0028
2019,51003010602,0.0068
2019,51013102301,0.0024
2018,51069051000,0.001
2018,51810046222,0.0021
2019,51630000400,0.0023
2019,51800075401,0.0013
2018,51165011700,0.003
2019,51069050400,0.0018
2019,51013103501,0.0022
2019,51059492500,0.0023
2019,51520020400,0.0019
2018,51810040403,0.0022
2018,51011040300,0.0019
2019,51069050900,0.0026
2018,51059481702,0.0021
2018,51059451300,0.002
2018,51059452802,0.002
2019,51059450702,0.003
2019,51111930300,0.0017
2018,51810044004,0.0021
2018,51059480100,0.002
2018,51061930403,0.0025
2019,51107610800,5e-04
2018,51650010313,0.0025
2019,51770003000,0.0047
2019,51710006800,0.0027
2019,51059492201,0.0023
2018,51031020402,0.0028
2018,51171040700,0.0013
2019,51107611602,0.0021
2018,51173030400,0.0024
2018,51650010602,0.0024
2019,51171040201,5e-04
2019,51660000204,0.0024
2019,51059470100,0.0024
2018,51550021302,0.0022
2019,51710004001,0.0029
2019,51135000300,0.0015
2018,51550021011,0.0021
2019,51760030500,0.0043
2019,51107611022,0.0016
2019,51810045412,7e-04
2019,51760040600,0.0044
2018,51059452600,0.0022
2018,51590980100,0.0016
2019,51510200103,0.0026
2019,51059432702,0.0022
2019,51153900801,0.0012
2019,51710007002,0.0028
2019,51033030500,4e-04
2018,51059430901,0.0022
2019,51059416000,0.0019
2018,51145500300,0.0031
2019,51810046013,0.0021
2019,51153901005,0.0012
2019,51187020300,0.0017
2018,51760070801,0.0027
2019,51153901702,0.0019
2019,51153901208,0.002
2019,51107611020,0.0018
2019,51153901510,0.0013
2018,51059451200,0.002
2019,51810044402,0.0015
2019,51103030200,0.0021
2018,51107611002,0.0022
2019,51660000301,0.0024
2018,51059422202,0.0023
2018,51059421701,0.0022
2019,51059432600,0.0025
2019,51179010406,0.0023
2018,51197050301,0.0019
2018,51710000201,0.0024
2019,51179010202,0.0014
2018,51735340200,0.0026
2019,51710980200,0.003
2019,51177020202,0.0023
2019,51165010300,0.0019
2018,51043010100,0.0013
2019,51003010401,0.0049
2018,51041100816,0.0028
2019,51153901601,0.0017
2019,51165011500,0.0023
2019,51550020100,0.0028
2018,51810045421,0.0021
2018,51177020110,0.001
2019,51093280400,0.0012
2018,51059421500,0.0022
2019,51041100819,0.0035
2018,51117930600,8e-04
2018,51143010400,0.0031
2019,51710000400,0.0028
2019,51595890100,0.0012
2019,51059431001,0.0029
2019,51800075301,0.0027
2018,51059432500,0.0023
2018,51770001900,0.0028
2019,51550021601,0.0028
2019,51153901211,0.0017
2019,51059440701,0.003
2019,51810045420,0.0011
2018,51127700300,0.0033
2018,51083930201,0.0028
2018,51013103200,0.002
2018,51810044807,0.0021
2018,51710001300,0.0024
2018,51153901701,0.0025
2018,51520020200,0.0021
2018,51680001700,0.0025
2018,51740210300,0.0023
2019,51185021100,0.0022
2018,51183870202,0.0024
2018,51510201000,0.002
2018,51143011400,0.0017
2018,51199051100,0.0022
2018,51059492000,0.0023
2018,51059482301,0.002
2018,51041100931,0.0028
2019,51710002300,0.003
2019,51760020600,0.0041
2018,51087200303,0.0027
2018,51171040500,0.0013
2018,51107611806,0.0027
2018,51059430203,0.0022
2018,51059421002,0.0022
2019,51107610505,0.001
2018,51083930600,0.0015
2019,51775010100,0.0046
2018,51059461602,0.002
2018,51013102301,0.002
2018,51710006200,0.0022
2019,51550021010,0.0017
2019,51137110103,0.001
2019,51199050306,0.0023
2019,51059470500,0.0026
2018,51059450701,0.0021
2018,51790000200,0.0031
2018,51730811300,0.003
2018,51179010304,0.0018
2018,51087200202,0.0027
2019,51195931700,0.0015
2018,51059491301,0.0024
2019,51177020205,0.0019
2019,51153901227,0.0015
2018,51059471201,0.002
2019,51710003700,0.003
2018,51710006000,0.0023
2018,51800075803,0.002
2019,51087201403,0.0023
2019,51121020800,0.0025
2019,51105950500,0
2018,51199050401,0.0027
2019,51083930100,0.0011
2018,51775010501,0.0028
2019,51187020601,0.0016
2018,51640070101,0.0015
2019,51067020101,0.0013
2018,51810041801,0.0022
2018,51760020400,0.0028
2019,51177020406,9e-04
2018,51590001000,0.0016
2018,51510200405,0.0021
2018,51810045408,0.0021
2018,51159040200,5e-04
2018,51165011900,0.0031
2018,51740212802,0.0023
2019,51163930300,0.002
2019,51041100923,0.0037
2018,51775010300,0.0028
2018,51550020805,0.0022
2019,51071930100,0.0018
2018,51059480504,0.002
2019,51015070600,0.0026
2019,51087200130,0.0024
2018,51153901228,0.0024
2018,51740980100,0.0022
2019,51059482503,0.0025
2018,51510200202,0.002
2019,51510200102,0.0025
2019,51073100400,0.0018
2018,51810045427,0.0021
2018,51087201403,0.003
2019,51153900404,0.0015
2019,51153901413,0.0014
2018,51147930203,6e-04
2018,51800075102,0.0024
2018,51087200123,0.0028
2018,51065020200,0.0029
2019,51153901414,0.0013
2018,51085321401,0.003
2018,51735340100,0.0026
2019,51059480505,0.0023
2019,51510201204,0.0021
2019,51121020100,0.0025
2018,51059421300,0.0022
2019,51081880200,0.0011
2018,51700032129,0.0025
2019,51810040402,0.0024
2018,51103030200,0.0011
2018,51171040201,9e-04
2018,51153901237,0.0023
2019,51710004300,0.0031
2019,51067020400,0.0029
2019,51710006902,0.0027
2018,51640070102,0.0015
2019,51059480802,0.0023
2018,51087201401,0.003
2018,51740213200,0.0023
2018,51650010502,0.0025
2019,51059452301,0.0029
2019,51025930203,8e-04
2018,51153901230,0.0024
2018,51015070300,0.003
2019,51057950700,0.002
2018,51195931200,0.0013
2018,51059461700,0.002
2018,51073100301,0.0026
2019,51810043600,0.0013
2018,51595890200,6e-04
2018,51059422301,0.0022
2018,51041100823,0.0028
2019,51013101801,0.0022
2018,51059431900,0.0022
2019,51740212802,0.0026
2018,51059482303,0.002
2018,51810045801,0.0021
2018,51153901008,0.0024
2019,51710000202,0.003
2019,51710005902,0.003
2019,51059481103,0.0024
2019,51179010305,0.002
2018,51059452102,0.0022
2018,51071930200,0.0031
2019,51590001302,0.0032
2019,51620090100,0.0015
2019,51059481106,0.0025
2019,51153901509,0.0013
2019,51730811200,0.0013
2019,51059491704,0.0027
2018,51590000700,0.0016
2019,51810045810,0.0022
2018,51760020700,0.0029
2019,51089010300,0.0016
2018,51067020200,0.0039
2019,51013101404,0.0023
2018,51169030200,0.0011
2018,51810040802,0.0021
2019,51760060400,0.0044
2018,51059431802,0.0022
2019,51650011200,0.0027
2019,51790000200,0.002
2019,51810040802,0.0023
2018,51087200413,0.0029
2018,51061930704,0.0024
2018,51710005000,0.0023
2019,51141030301,0.001
2019,51760060900,0.0041
2018,51810043002,0.0021
2018,51013103000,0.002
2018,51107611209,0.002
2018,51710004001,0.0023
2018,51165012000,0.0031
2018,51510200703,0.002
2019,51059452801,0.0025
2018,51059460200,0.002
2018,51013100400,0.002
2019,51670820400,0.0017
2018,51087200904,0.0028
2018,51740213104,0.0025
2018,51660000102,0.003
2019,51009010402,0.0032
2018,51085320701,0.0031
2019,51810045408,0.0015
2019,51075400400,3e-04
2018,51137110102,0.0024
2019,51059491404,0.0022
2018,51013102001,0.002
2018,51025930202,7e-04
2019,51770002400,0.0046
2018,51510200301,0.002
2019,51047930102,0.0013
2018,51191010100,0.0022
2018,51061930205,0.0026
2019,51059470400,0.0025
2018,51087200129,0.0029
2018,51680000201,0.0018
2018,51013101100,0.002
2019,51059430500,0.0028
2019,51121020300,0.0024
2019,51085321202,0.0037
2019,51800065400,0.0011
2018,51059430600,0.0022
2018,51059471000,0.002
2019,51015070100,8e-04
2018,51059481600,0.002
2018,51087200903,0.0029
2019,51810040200,0.0026
2018,51183870201,8e-04
2019,51700031702,0.0025
2018,51015070500,0.0031
2019,51077060202,0.001
2019,51059415900,0.0019
2019,51013980100,0.0021
2019,51059461601,0.0029
2019,51590000800,0.0032
2019,51810041801,0.0023
2019,51041100815,0.0033
2018,51510201900,0.0019
2019,51710005702,0.003
2019,51059452802,0.0025
2019,51059440502,0.0029
2019,51167030401,0.002
2019,51019030603,0.0031
2018,51760050400,0.0027
2018,51770000900,0.0028
2019,51087201003,0.0039
2018,51165011800,0.003
2019,51760011000,0.0042
2018,51810043600,0.0021
2019,51149850301,0.0013
2018,51800075602,0.0022
2018,51085320601,0.0031
2019,51059481900,0.0026
2019,51095080102,0.0024
2019,51175200200,8e-04
2018,51023040200,0.0036
2019,51059491301,0.002
2019,51041100820,0.0034
2019,51011040300,7e-04
2019,51059422101,0.0022
2018,51059440202,0.0021
2018,51179010303,0.0016
2018,51059430902,0.0022
2018,51029930201,0.0023
2019,51161030204,0.0045
2018,51760040900,0.0027
2018,51650010306,0.0024
2019,51139030400,0.001
2019,51153901225,0.0017
2018,51087200404,0.0028
2018,51800065500,0.0023
2019,51650010310,0.0027
2018,51097950500,0.0021
2018,51065020102,0.0024
2018,51087200128,0.0028
2019,51700032123,0.0024
2019,51053980100,4e-04
2018,51710003400,0.0023
2019,51810043400,0.0013
2018,51710001400,0.0024
2019,51730811000,0.0014
2018,51041100817,0.0028
2018,51770002400,0.0028
2018,51059452400,0.0022
2019,51810045422,0.0015
2018,51650010601,0.0024
2018,51760021100,0.0029
2019,51059431400,0.0026
2019,51770001800,0.0047
2019,51035080601,0.0023
2019,51760040200,0.0044
2019,51059482301,0.0026
2019,51550021102,8e-04
2018,51177020309,0.001
2018,51013100900,0.002
2018,51013101500,0.002
2019,51800075801,7e-04
2019,51147930203,0.0023
2018,51171040300,9e-04
2019,51047930400,0.0012
2018,51019030402,0.0036
2018,51520020300,0.0022
2018,51117930101,7e-04
2019,51041100508,0.0019
2019,51700032114,0.0024
2018,51013101702,0.0019
2019,51065020200,7e-04
2018,51059460600,0.002
2018,51153900502,0.0023
2018,51660000101,0.0031
2019,51700031902,0.0025
2018,51550020700,0.0022
2018,51775010100,0.0028
2018,51760050600,0.0027
2019,51510202002,0.0018
2018,51710004400,0.0023
2018,51810046216,0.0021
2019,51105950200,0.0011
2018,51059471401,0.002
2018,51710003200,0.0023
2019,51760011100,0.0043
2018,51760040300,0.0028
2018,51700031602,0.0025
2019,51179010204,0.0017
2018,51085320801,0.003
2018,51003010402,0.0029
2019,51013102902,0.0023
2018,51087200305,0.0027
2018,51710000901,0.0024
2019,51770003100,0.0048
2018,51059470100,0.002
2019,51097950400,0.0013
2019,51710000300,0.0027
2019,51045050100,5e-04
2019,51840000302,0.0026
2019,51540000402,0.0068
2019,51013103601,0.0021
2018,51125950300,0.0039
2019,51735990100,0.0019
2018,51041100406,0.0028
2018,51550021502,0.0024
2019,51019030104,0.0028
2018,51031020600,0.0034
2018,51153901100,0.0023
2019,51059460100,0.0027
2018,51153901507,0.0027
2019,51520020100,0.0013
2018,51013103300,0.002
2019,51041100920,0.0036
2018,51760041600,0.0027
2019,51153901224,0.0018
2018,51810045425,0.0021
2018,51053840600,0.0029
2018,51041100409,0.0029
2018,51059420202,0.0022
2019,51059461700,0.003
2018,51135000300,0.0011
2019,51710001600,0.0031
2019,51095080304,0.0018
2018,51810046221,0.0021
2019,51510200105,0.0024
2019,51059480202,0.0028
2018,51103030300,0.0013
2019,51710003501,0.0029
2019,51059450900,0.003
2018,51059451900,0.0021
2019,51650010800,0.0025
2019,51009010600,0.0026
2018,51630000100,0.0012
2018,51035080500,0.0017
2018,51083930302,0.0014
2019,51117930700,8e-04
2019,51167030300,0.0013
2018,51087201202,0.003
2019,51683910100,0.0017
2019,51710000700,0.0029
2018,51800075204,0.0024
2018,51153901407,0.0025
2019,51041100933,0.003
2019,51069050600,0.0023
2019,51700030600,0.003
2019,51710004700,0.0029
2018,51680001800,0.0023
2018,51087201701,0.003
2018,51810045810,0.0021
2018,51153901503,0.0026
2018,51107611006,0.0022
2018,51053840500,0.0029
2018,51025930100,0.001
2019,51153900905,0.001
2019,51009010502,0.0033
2019,51125950300,8e-04
2018,51153901509,0.0028
2019,51113930100,0.0013
2018,51199050206,0.0025
2019,51740212801,0.0027
2019,51810043200,0.0014
2019,51009010503,0.0033
2018,51121021000,0.0032
2019,51775010300,0.0046
2018,51700031100,0.0025
2019,51590000200,0.0032
2019,51550021403,0.0025
2019,51550021012,0.0016
2019,51059460300,0.0029
2018,51760060800,0.0028
2018,51059481201,0.002
2019,51025930300,7e-04
2018,51025930300,6e-04
2018,51059491802,0.0022
2018,51167030600,0.0025
2019,51013102003,0.0024
2018,51195931300,0.0013
2019,51770000100,0.0046
2018,51089010900,0.0016
2018,51041100921,0.0028
2018,51019030202,0.0035
2019,51027010100,0.0013
2018,51095080402,0.0026
2019,51177020304,0.0022
2019,51185020100,0.0022
2018,51550020300,0.0022
2018,51153901511,0.0029
2019,51510200104,0.0025
2018,51041100915,0.0028
2018,51003010902,0.003
2019,51680000500,0.0034
2018,51760050500,0.0027
2019,51041100210,0.0043
2018,51099040400,0.001
2019,51087200305,0.0039
2018,51059471304,0.002
2019,51059432402,0.0027
2018,51059451000,0.002
2018,51660000207,0.0031
2018,51041100505,0.0029
2018,51760010300,0.0028
2018,51820003400,0.0031
2018,51185020800,0.0016
2019,51810042600,0.0021
2018,51710005800,0.0023
2018,51069050900,0.001
2019,51630000301,0.0024
2018,51013100600,0.002
2019,51149850501,9e-04
2018,51059482400,0.002
2018,51760040800,0.0027
2019,51630000200,0.0023
2018,51810045805,0.0021
2019,51059452102,0.0028
2019,51161030802,0.0046
2019,51001090400,0.0014
2018,51019030605,0.0036
2018,51145500101,0.0031
2019,51059482001,0.0023
2019,51059451501,0.0028
2018,51073100201,0.0014
2019,51161030600,0.0037
2018,51710001200,0.0024
2019,51059491401,0.0025
2018,51015070200,0.0013
2019,51059460702,0.0029
2018,51135980100,0.0016
2018,51087201502,0.003
2018,51760010402,0.0028
2018,51095080102,0.0026
2019,51059482400,0.0028
2018,51093280105,0.0025
2018,51087200201,0.0027
2018,51059490502,0.0022
2018,51720960100,0.0017
2019,51035080500,0.0017
2018,51059440201,0.002
2019,51600300200,0.003
2018,51179010503,0.0018
2018,51710003700,0.0023
2018,51137110104,0.0014
2018,51097950400,0.0029
2018,51171040800,0.001
2018,51053840400,0.003
2018,51185020500,0.0021
2018,51013103700,0.0019
2018,51165010100,0.0032
2019,51685920200,0.0021
2019,51595890200,0.0011
2018,51059461000,0.002
2018,51087200109,0.0027
2018,51121021300,0.0027
2019,51153901233,0.0014
2018,51550021102,0.002
2018,51169030300,0.0016
2019,51107611805,0.0019
2018,51770002500,0.0028
2019,51153901409,0.0014
2018,51730810100,0.0031
2018,51115951300,0.0017
2019,51740980100,0.0026
2019,51041100929,0.0034
2019,51077060201,0.0021
2019,51550021302,0.0019
2018,51590000600,0.0016
2019,51680000100,0.0034
2019,51550021501,0.0022
2019,51590001200,0.0032
2018,51165010400,0.0031
2019,51800075402,0.0012
2019,51059451200,0.0029
2019,51087200412,0.0038
2019,51089010602,0.0012
2019,51153901306,0.0013
2019,51069050700,0.0024
2018,51650010501,0.0025
2019,51087200121,0.0035
2019,51810046006,0.0022
2019,51680000802,0.0034
2018,51550021601,0.0024
2018,51083930100,0.0013
2018,51680000203,0.0017
2018,51041100701,0.003
2019,51590000500,0.0032
2019,51059431802,0.003
2018,51810045806,0.0021
2019,51059431300,0.0027
2019,51730810900,0.0013
2018,51700032006,0.0025
2019,51760060700,0.0042
2018,51177020304,9e-04
2018,51135000100,0.003
2018,51790000400,0.0031
2019,51177020201,0.0022
2019,51003011000,0.0065
2019,51683910201,0.0018
2019,51041100936,0.0035
2018,51810045603,0.0021
2018,51059430202,0.0022
2018,51107610504,0.0025
2018,51161030204,0.0028
2018,51770003000,0.003
2018,51036600100,0.0031
2018,51003011301,0.0027
2019,51510200702,0.0022
2019,51139030500,0.0015
2019,51197050100,0.0023
2019,51015070400,0.0022
2019,51710003000,0.003
2018,51800075101,0.0024
2018,51175200200,5e-04
2019,51079030102,0.002
2018,51760041200,0.0028
2018,51191010502,0.002
2019,51550020905,0.0024
2019,51161030201,0.0045
2018,51760040400,0.0028
2019,51165011900,0.0022
2018,51147930300,9e-04
2019,51760010402,0.0044
2018,51810043003,0.0021
2018,51041100822,0.0028
2019,51053840600,7e-04
2019,51091970100,0.0021
2018,51131990100,0.0022
2019,51153901235,0.0021
2019,51059471201,0.0028
2018,51800075202,0.0024
2018,51089010800,0.0019
2018,51117930300,0.001
2019,51019030402,5e-04
2019,51139030100,0.0014
2018,51760071001,0.0028
2018,51650010701,0.0025
2018,51199050205,0.0026
2019,51830370200,0.0025
2018,51740212702,0.0023
2018,51810040404,0.0022
2019,51003010402,0.0064
2019,51089010100,0.0018
2018,51810044805,0.0021
2019,51137110102,8e-04
2019,51710000600,0.0028
2019,51161030801,0.0046
2018,51139030200,0.0015
2018,51810046213,0.0021
2019,51013101402,0.0024
2018,51620090200,0.0015
2019,51800075101,0.0029
2019,51700032131,0.0023
2018,51153901219,0.0024
2019,51740213002,0.0029
2019,51810044806,0.0015
2019,51650010311,0.0026
2018,51540000800,0.0031
2018,51710000202,0.0024
2018,51041100508,0.0029
2018,51700032114,0.0025
2019,51740213103,0.0032
2019,51031020101,0.0024
2019,51013101900,0.0023
2019,51740212900,0.0028
2018,51059492400,0.0023
2019,51059430202,0.003
2018,51099040300,0.0016
2018,51760021200,0.0029
2019,51195931500,0.0028
2019,51650011800,0.0028
2019,51775010501,0.0046
2018,51155210100,0.0036
2019,51093280104,0.0019
2019,51153901001,0.001
2019,51710005901,0.003
2019,51059491303,0.0024
2018,51810046012,0.0021
2018,51191010800,0.0017
2019,51840000100,0.0025
2018,51670820400,0.0029
2019,51059422403,0.0024
2018,51007930200,0.0032
2019,51153901305,9e-04
2019,51159040100,0.0016
2018,51019030601,0.0039
2019,51820003500,0.0024
2019,51001090500,0.0017
2019,51145500300,6e-04
2019,51023040302,0.0025
2019,51155210700,0.0017
2019,51107610504,0.001
2019,51550021502,0.0024
2018,51141030302,0.0014
2018,51153901602,0.0024
2018,51031020900,0.002
2018,51149850200,0.003
2019,51810044600,0.0014
2018,51005080301,6e-04
2019,51179010108,0.0014
2019,51059492202,0.0025
2018,51770000602,0.0031
2018,51143010200,0.0039
2018,51650011400,0.0024
2019,51085320601,0.0019
2018,51087200302,0.0028
2019,51540000401,0.0068
2018,51041100927,0.0028
2019,51067020500,0.0018
2019,51685920100,0.0018
2018,51683910401,0.0024
2019,51069050801,0.0023
2018,51059432701,0.0023
2018,51127700200,0.0033
2019,51025930201,6e-04
2018,51153900905,0.0023
2018,51059415700,0.0022
2019,51087200109,0.0041
2019,51760040900,0.0044
2019,51059491701,0.0026
2018,51059415900,0.0022
2019,51099040400,9e-04
2018,51001090300,9e-04
2018,51061930204,0.0025
2018,51700032300,0.0025
2019,51001090300,9e-04
2019,51075400200,0.0011
2019,51199050304,0.0022
2018,51161031102,0.0032
2018,51740212000,0.0023
2019,51175200400,0.0014
2019,51760021200,0.0039
2018,51810046006,0.0021
2019,51137110104,0.001
2018,51540000501,0.0031
2019,51550020700,0.0025
2019,51087200105,0.0039
2018,51740211500,0.0023
2019,51085320602,0.0022
2019,51179010103,0.0015
2019,51059440600,0.0029
2019,51023040100,0.0018
2019,51059491101,0.0021
2018,51177020408,9e-04
2019,51121020201,0.0025
2019,51013102701,0.0023
2018,51187020601,0.0013
2019,51540000202,0.0068
2019,51059451100,0.0027
2018,51550020804,0.0021
2019,51127700300,7e-04
2019,51027010700,0.0018
2018,51650011200,0.0025
2019,51510200900,0.0023
2019,51069050802,0.0024
2019,51770002500,0.0047
2019,51590000400,0.0032
2018,51059480201,0.002
2018,51015071200,0.0032
2018,51059480801,0.002
2018,51740213002,0.0024
2018,51540000401,0.0031
2019,51173030301,0.0023
2019,51059440300,0.003
2018,51041101008,0.003
2019,51003011201,0.0044
2018,51510201802,0.0019
2018,51013102801,0.002
2019,51683910202,0.0017
2018,51153901208,0.0023
2019,51031020500,0.0024
2019,51041100907,0.0039
2018,51089011300,0.0036
2019,51125950200,0.0011
2018,51133020200,5e-04
2019,51059482202,0.0024
2018,51041100410,0.0029
2019,51053840300,0.0012
2019,51121021300,0.0021
2018,51149850301,0.0031
2019,51167030600,0.0012
2019,51177020309,0.0022
2018,51059460702,0.002
2019,51165011100,0.0012
2018,51163930200,0.002
2019,51059482501,0.0024
2018,51690000500,0.0016
2018,51550021404,0.0023
2019,51149850100,0.0018
2018,51003011202,0.0031
2019,51690000500,0.0015
2019,51510200404,0.0024
2019,51760020500,0.0041
2019,51590980100,0.0032
2018,51013101701,0.002
2019,51650011600,0.0029
2018,51510201204,0.0019
2018,51059451601,0.002
2018,51093280200,0.0025
2019,51800075102,0.0026
2018,51163930400,0.0031
2019,51153901415,0.0014
2019,51061930304,0.001
2019,51161030900,0.0043
2019,51041100300,0.0041
2019,51085321300,0.0027
2018,51059460300,0.002
2018,51059481103,0.002
2018,51177020311,0.0016
2018,51595890100,6e-04
2018,51093280106,0.0025
2019,51153901407,0.0016
2019,51800075702,9e-04
2018,51177020204,0.001
2019,51810040600,0.0024
2019,51191010700,0.0026
2019,51710005903,0.0029
2018,51550021004,0.0021
2018,51041100928,0.0028
2018,51059491601,0.0021
2019,51683910401,0.0017
2018,51101950200,0.0033
2018,51660000401,0.0031
2018,51013101300,0.002
2018,51013101403,0.002
2019,51700031100,0.0031
2019,51059481202,0.0024
2019,51630000500,0.0024
2019,51121021500,0.0025
2018,51107980100,0.0021
2019,51059491601,0.0024
2018,51153901225,0.0023
2018,51153901411,0.0026
2018,51005080302,0.0024
2019,51700032300,0.0024
2018,51081880101,8e-04
2018,51740212500,0.0023
2018,51678930500,0.0023
2018,51760070700,0.0028
2018,51690000200,0.0024
2018,51013102400,0.002
2018,51067020600,0.003
2018,51029930202,0.0034
2018,51087200119,0.0028
2018,51153901233,0.0024
2018,51087200414,0.0028
2019,51059451400,0.0028
2018,51041100404,0.0029
2019,51087201502,0.003
2019,51510200600,0.0024
2018,51770000400,0.0028
2019,51153901230,0.0014
2018,51165011200,0.0013
2019,51087201401,0.0037
2018,51041100506,0.0029
2018,51041100106,0.0028
2018,51023040402,0.0038
2018,51059450900,0.002
2019,51650010309,0.0027
2019,51550021013,0.0016
2018,51023040401,0.0039
2018,51059450200,0.002
2019,51720960100,0.0034
2019,51007930100,8e-04
2019,51095080203,0.0022
2018,51810043200,0.0022
2018,51187020400,0.0011
2019,51041100927,0.0023
2018,51077060101,0.0017
2018,51059470300,0.002
2019,51510201203,0.0022
2019,51810041600,0.0024
2018,51790000100,0.0031
2018,51013103501,0.0019
2018,51161031201,0.0038
2018,51169030600,0.0018
2018,51740212701,0.0023
2019,51760020200,0.004
2018,51107610202,0.002
2019,51095080205,0.0021
2018,51177020308,9e-04
2019,51185020500,0.0018
2018,51001090700,0.001
2018,51003011302,0.003
2018,51710004900,0.0023
2019,51540000900,0.0068
2019,51061930402,0.001
2019,51161030701,0.0047
2018,51670980100,0.003
2019,51770000900,0.0047
2018,51059420300,0.0021
2019,51087200700,0.0043
2019,51019030605,0.0011
2018,51107611019,0.0026
2018,51087200105,0.0028
2019,51179010303,0.0021
2019,51009010504,0.0032
2019,51187020200,0.0018
2019,51810043004,0.0015
2018,51003010700,0.0031
2019,51710003200,0.0031
2019,51003010201,0.0049
2018,51049930200,8e-04
2018,51710003501,0.0023
2019,51810046016,0.0019
2018,51195931100,0.0011
2019,51143010700,8e-04
2018,51059470600,0.002
2018,51760070602,0.0028
2018,51009010600,0.0019
2018,51087201101,0.0029
2019,51059480402,0.0021
2018,51087200125,0.0028
2018,51003010401,0.003
2019,51087200302,0.0044
2019,51085320500,0.002
2018,51047930501,0.0026
2019,51113930200,9e-04
2019,51153901100,0.0011
2019,51173030500,0.0013
2018,51041100210,0.0028
2019,51071930200,0.0014
2018,51175200300,5e-04
2018,51510201300,0.0019
2018,51710004002,0.0023
2018,51195931400,0.0021
2018,51510200104,0.002
2018,51153901900,0.0024
2018,51153901303,0.0024
2018,51059432000,0.0023
2018,51810044001,0.0021
2018,51009010300,0.0017
2018,51199050303,0.0026
2018,51001090400,9e-04
2019,51700031200,0.003
2019,51710004600,0.003
2019,51013103000,0.0023
2019,51760070300,0.0045
2019,51191010601,0.0028
2019,51155210600,0.0019
2019,51199050401,0.0021
2018,51059416100,0.0023
2018,51059452101,0.0021
2019,51121021200,0.0026
2019,51153901226,0.0016
2018,51009010502,0.0018
2019,51087200303,0.004
2018,51830370200,0.0022
2019,51061930203,8e-04
2018,51800065300,0.0023
2018,51730811100,0.003
2019,51195930900,0.0034
2018,51083930800,0.0015
2018,51810045415,0.0021
2019,51019050100,9e-04
2019,51087200802,0.0043
2019,51760030200,0.0043
2019,51650011000,0.0024
2019,51059482203,0.0024
2018,51680000802,0.0017
2018,51059420501,0.0021
2018,51700032212,0.0025
2019,51131930100,0.0021
2018,51059980200,0.002
2019,51083930202,0.0016
2019,51775010200,0.004
2019,51510200405,0.0025
2019,51087200125,0.0039
2019,51550020906,0.0021
2018,51023040301,0.0038
2019,51550020300,0.0027
2019,51155980100,0.0026
2018,51059422402,0.0022
2019,51115951400,0.0011
2019,51179010301,0.0014
2019,51107610506,0.0012
2019,51059421600,0.002
2018,51191010401,0.0022
2018,51059450602,0.002
2018,51059481102,0.002
2018,51009010100,0.0022
2018,51710006607,0.0023
2018,51107611024,0.0026
2019,51760040500,0.0045
2019,51087201101,0.0039
2018,51179010206,0.0023
2018,51059491405,0.0023
2019,51710003300,0.003
2019,51710004400,0.003
2019,51067020600,0.001
2018,51590001301,0.0016
2019,51047930202,0.0012
2018,51085320702,0.003
2019,51059460800,0.0028
2018,51059481101,0.002
2019,51107611206,0.0018
2019,51041101009,0.0017
2018,51760060900,0.0028
2019,51087201002,0.0041
2018,51810041400,0.0021
2018,51550020807,0.0021
2018,51550021012,0.0021
2018,51700031902,0.0025
2019,51041100410,0.003
2019,51059432500,0.0026
2019,51085320200,7e-04
2018,51810041002,0.0021
2019,51195931600,0.0026
2019,51059491801,0.0026
2018,51059452501,0.0022
2018,51009010503,0.0017
2019,51107610603,0.001
2018,51650010314,0.0025
2019,51041100817,0.0032
2019,51041100805,0.0035
2019,51093280105,0.0017
2019,51165011200,9e-04
2019,51059450400,0.0029
2018,51087200116,0.0028
2018,51059422101,0.0023
2019,51037930100,9e-04
2018,51153900600,0.0023
2018,51570830100,0.0029
2019,51710006607,0.0029
2018,51177020305,0.001
2019,51059415700,0.0015
2018,51117930200,7e-04
2019,51810042802,0.0021
2019,51800075601,9e-04
2018,51197050302,0.0019
2019,51017920100,9e-04
2018,51710000700,0.0024
2019,51810046206,0.0023
2018,51810990100,0.0015
2019,51800065300,0.0012
2018,51760070100,0.0028
2019,51810045604,0.0023
2019,51147930100,0.0023
2019,51179010212,0.0015
2019,51085320701,0.0019
2019,51013100800,0.0026
2019,51069050100,0.0018
2019,51735340200,0.0021
2018,51061930207,0.0026
2018,51199051000,0.0021
2019,51650010703,0.0022
2019,51027010600,0.0016
2018,51660000302,0.0031
2018,51009010401,0.0017
2018,51760060400,0.0028
2018,51550020200,0.0022
2018,51177020104,0.001
2018,51800075703,0.0022
2018,51059432300,0.0023
2018,51085321402,0.003
2019,51670820300,0.0016
2018,51153901408,0.0025
2018,51033030500,0.0029
2018,51710004500,0.0023
2018,51710002700,0.0024
2018,51179010105,0.0023
2018,51107611102,0.002
2018,51121020700,0.0028
2019,51033030202,6e-04
2018,51700031800,0.0025
2018,51059482601,0.002
2019,51013102302,0.0023
2018,51059470700,0.002
2018,51710001100,0.0024
2018,51069050700,9e-04
2019,51107611601,0.002
2018,51087200501,0.0028
2018,51059491703,0.0022
2018,51095080206,0.0028
2018,51019030103,0.0028
2018,51740211600,0.0023
2019,51710004200,0.0029
2019,51153901900,0.0021
2019,51059450300,0.0029
2018,51810046002,0.0021
2019,51003010202,0.0063
2018,51177020406,0.0011
2019,51087200905,0.0037
2018,51067020900,0.0033
2019,51069051102,0.0025
2019,51153901417,0.0012
2018,51059491402,0.0023
2019,51103030100,0.0016
2018,51107611206,0.002
2019,51690000300,0.0016
2018,51025930201,8e-04
2019,51169030500,0.0011
2018,51095080101,0.0023
2019,51059470900,0.0027
2018,51107611020,0.0022
2019,51690000100,0.0016
2019,51107610701,6e-04
2018,51810045414,0.0021
2019,51770000400,0.0046
2019,51167030100,0.0016
2019,51041100919,0.0034
2018,51760040700,0.0027
2018,51037930200,0.0021
2019,51171040100,0.0015
2019,51710003600,0.0029
2018,51760061000,0.0028
2018,51550021301,0.0022
2018,51059491202,0.0022
2018,51179010214,0.0023
2019,51107611700,0.0022
2019,51081880102,8e-04
2018,51059431500,0.0022
2018,51103030100,7e-04
2019,51033030201,3e-04
2019,51760041300,0.0044
2019,51081880101,0.0012
2018,51059415500,0.0022
2019,51059422102,0.0021
2018,51710000300,0.0024
2018,51105950100,0.001
2018,51810041003,0.0021
2019,51199050303,0.0023
2019,51169030100,0.0013
2018,51107610505,0.0025
2019,51059470700,0.0026
2018,51121020202,0.0029
2018,51760021000,0.0029
2018,51179010207,0.0023
2018,51041100510,0.0029
2019,51013103700,0.0022
2018,51540000402,0.0031
2019,51760071100,0.0045
2019,51023040501,0.0033
2018,51683910201,0.0024
2018,51550020001,0.0022
2018,51041100820,0.0028
2019,51760040300,0.0043
2019,51810041200,0.0023
2019,51680000900,0.0033
2018,51153900501,0.0023
2019,51133020100,0.001
2018,51179010305,0.0022
2018,51680001100,0.0017
2018,51107611602,0.002
2019,51153901010,0.0013
2018,51027010300,0.0017
2019,51550020903,0.0024
2018,51810041600,0.0021
2019,51710002000,0.0032
2019,51197050402,0.0028
2019,51059450500,0.0029
2019,51059440202,0.003
2018,51059482002,0.002
2019,51510200202,0.0023
2018,51041100935,0.0028
2018,51087201201,0.003
2018,51710005100,0.0022
2018,51107611700,0.002
2019,51019030501,5e-04
2018,51059420203,0.0021
2019,51760020400,0.0041
2019,51550020003,0.0028
2019,51143010801,0.0024
2018,51840000302,0.001
2018,51067020101,0.0044
2018,51059491704,0.0022
2018,51810042400,0.0021
2018,51021040200,0.002
2019,51041100928,0.0027
2018,51059432800,0.0023
2018,51143010100,0.0028
2019,51049930100,9e-04
2019,51760040400,0.0044
2018,51710006605,0.0023
2018,51081880102,8e-04
2018,51067020102,0.0043
2019,51153901416,0.0013
2019,51760050100,0.0044
2018,51760070601,0.0028
2018,51179010202,0.0024
2019,51700032126,0.0024
2019,51197050302,0.0026
2019,51059491000,0.0019
2018,51005080100,9e-04
2019,51710000901,0.0031
2018,51810040200,0.0022
2018,51001980100,7e-04
2018,51650010304,0.0025
2019,51085320300,0.0019
2018,51760011000,0.0028
2018,51185021100,0.0016
2018,51059415300,0.0021
2019,51177020114,0.0022
2019,51810042201,0.0023
2018,51161030201,0.0028
2018,51087201002,0.0029
2019,51083930301,0.002
2019,51810045805,0.0023
2019,51810044808,0.0017
2019,51191010100,0.0024
2019,51059480504,0.0022
2018,51800065200,0.0023
2019,51029930201,0.0013
2018,51810046219,0.0021
2019,51033030400,0.001
2018,51013980100,0.0019
2019,51127700200,8e-04
2018,51153901306,0.0024
2019,51065020102,0.0046
2019,51059432000,0.0028
2018,51019030604,0.0038
2018,51760060700,0.0028
2018,51760060600,0.0027
2019,51735340300,0.0019
2019,51087200407,0.0038
2019,51107611208,0.0017
2019,51109950300,0.0019
2018,51161031202,0.0036
2018,51101950101,0.0031
2018,51107610703,0.0026
2018,51013102901,0.002
2018,51161030702,0.003
2019,51047930501,0.0017
2019,51031020402,0.0026
2019,51153900203,0.0015
2018,51003010201,0.0032
2018,51079030200,0.0031
2018,51061930100,0.0027
2019,51059492100,0.0025
2018,51059480903,0.002
2019,51810046010,0.0025
2019,51680000700,0.0034
2018,51510200802,0.002
2018,51059480505,0.002
2019,51153901508,0.0012
2019,51191010300,0.0027
2018,51191010402,0.0025
2019,51177020307,0.0022
2018,51105950400,9e-04
2018,51165010500,0.0031
2018,51775010200,0.0028
2018,51047930202,0.0026
2018,51059422302,0.0022
2018,51015070800,0.0026
2019,51059980300,0.0023
2018,51041100107,0.0028
2019,51059450601,0.003
2018,51061930206,0.0024
2019,51059460600,0.0029
2018,51067020300,0.004
2019,51760050200,0.0044
2018,51067020400,0.003
2018,51059471100,0.002
2018,51041100936,0.0028
2019,51810046217,0.0022
2018,51069050803,0.001
2019,51650010304,0.0024
2018,51041100600,0.003
2019,51540000501,0.0068
2019,51510200802,0.0023
2019,51710980100,0.003
2019,51001980100,9e-04
2019,51710004002,0.0029
2018,51550020003,0.0022
2019,51071930400,0.0011
2019,51510200801,0.0023
2018,51177020114,9e-04
2019,51199050205,0.0024
2019,51810042000,0.0022
2018,51740212300,0.0022
2018,51600300300,0.0021
2019,51041100816,0.0031
2018,51683910402,0.0025
2018,51710004700,0.0023
2019,51678930500,0.0021
2018,51710980300,0.0023
2018,51013100300,0.002
2018,51059421800,0.0022
2018,51059432202,0.0022
2019,51059470800,0.0027
2018,51069050400,8e-04
2018,51059491701,0.0022
2018,51155980200,0.0028
2018,51550021602,0.0024
2019,51059481400,0.0027
2019,51041100931,0.0036
2018,51043010300,0.0017
2018,51810043400,0.0021
2018,51059452200,0.0022
2019,51700032006,0.0024
2018,51169030100,0.0018
2018,51660000301,0.0031
2019,51001090100,9e-04
2018,51710002800,0.0024
2019,51071930300,8e-04
2018,51630000301,0.0012
2019,51059461901,0.003
2019,51153900408,0.0013
2018,51510200103,0.002
2019,51185020300,0.0019
2018,51059415402,0.0022
2019,51105950300,3e-04
2018,51153900201,0.0023
2019,51179010403,0.0021
2018,51700031601,0.0025
2019,51013100200,0.0026
2019,51061930205,0.001
2018,51153900100,0.0023
2019,51660000101,0.0024
2019,51550020500,0.0025
2018,51740210500,0.0023
2018,51153900801,0.0023
2019,51760020100,0.0041
2018,51650011300,0.0024
2019,51810044004,0.0013
2019,51161030300,0.0039
2019,51087200120,0.0027
2018,51003010100,0.0031
2018,51005070100,0.0017
2019,51145500101,0.0021
2019,51005080301,0.0017
2018,51810046204,0.0021
2019,51041100406,0.0033
2018,51790000500,0.0031
2019,51069050200,0.0022
2018,51800075501,0.0023
2019,51177020404,4e-04
2019,51730810500,0.0014
2018,51059482602,0.0021
2018,51107611013,0.0025
2019,51760061000,0.0042
2018,51087200107,0.0028
2019,51680000202,0.0034
2019,51173030702,0.0017
2018,51147930201,7e-04
2019,51059431801,0.003
2018,51119951100,0.0013
2018,51153901236,0.0024
2018,51071930400,0.0016
2018,51059482503,0.002
2019,51059432201,0.003
2018,51036600300,0.0034
2018,51810042202,0.0021
2019,51153901228,0.0014
2019,51550021402,0.0022
2019,51087200409,0.0038
2018,51710000500,0.0024
2018,51700032005,0.0025
2019,51181860200,6e-04
2019,51089011000,0.0015
2018,51059492202,0.0023
2019,51041100930,0.0035
2019,51680000600,0.0034
2018,51085321201,0.003
2018,51017920100,6e-04
2018,51031020700,0.0039
2019,51710003800,0.003
2018,51550020600,0.0022
2019,51119951100,0.002
2019,51740210900,0.0029
2018,51035080400,0.0014
2018,51059461902,0.0021
2018,51700032211,0.0025
2019,51810046214,0.0022
2018,51041100819,0.0028
2018,51059481900,0.002
2018,51153900702,0.0023
2019,51185020900,0.0018
2019,51059482303,0.0027
2019,51059451601,0.0027
2018,51177020105,0.0011
2018,51153901001,0.0024
2018,51059482201,0.002
2019,51760041600,0.0045
2019,51153900502,0.0014
2018,51117930800,7e-04
2018,51153980100,0.0024
2018,51710002200,0.0024
2019,51041100206,0.0035
2018,51107611005,0.0026
2018,51059480203,0.002
2019,51177020305,0.0022
2019,51087200128,0.0037
2018,51550021403,0.0022
2018,51810040000,0.0022
2019,51003010901,0.0067
2018,51003011400,0.0028
2018,51760040500,0.0028
2019,51770002100,0.0048
2019,51770000601,0.0044
2018,51069051101,9e-04
2019,51059415200,0.0018
2018,51810044600,0.0021
2018,51041101004,0.0031
2018,51630000200,0.0013
2019,51121020500,0.0023
2018,51107610603,0.0025
2019,51107611801,0.0017
2018,51710990000,0.0024
2019,51047930502,0.0015
2019,51043010200,0.0023
2018,51139030400,0.0028
2018,51143010801,0.0017
2019,51059432100,0.0029
2018,51093280300,0.0024
2019,51059421002,0.0025
2018,51085320100,0.003
2019,51710006603,0.0027
2019,51710007001,0.0028
2018,51059450100,0.002
2019,51610500100,0.0029
2019,51087201201,0.0036
2018,51153900407,0.0024
2018,51710006602,0.0023
2019,51059432800,0.0024
2019,51610500300,0.0028
2019,51570830200,0.0019
2018,51760020600,0.0029
2019,51175200500,0.0011
2019,51143011300,0.0033
2019,51650010314,0.0024
2018,51153901223,0.0023
2019,51141030200,8e-04
2019,51023040402,0.0034
2018,51155210700,0.0027
2018,51041100814,0.0028
2018,51059451100,0.002
2019,51800075202,0.0021
2018,51059450400,0.002
2018,51199050305,0.0026
2019,51087200104,0.0039
2018,51173030701,0.0021
2019,51087200124,0.0037
2019,51059431900,0.0029
2018,51041100923,0.0028
2019,51510200703,0.002
